型番名,メーカー,製品名,kakaku_item_url,lowest_price_yen,rating,review_people,bbs_count,hint
MSZ-ZXV2821-W,ミツビシデンキ,霧ヶ峰,https://kakaku.com/item/K0001324811/,,5.0,3.0,82.0,search_hit:https://search.kakaku.com/MSZ-ZXV2821-W/ | item:dom
MSZ-ZXV2821-T,ミツビシデンキ,霧ヶ峰,https://kakaku.com/item/K0001324812/,,5.0,3.0,82.0,search_hit:https://search.kakaku.com/MSZ-ZXV2821-T/ | item:dom
MSZ-ZXV2821S-W,ミツビシデンキ,霧ヶ峰,https://kakaku.com/item/K0001324813/,,5.0,1.0,82.0,search_hit:https://search.kakaku.com/MSZ-ZXV2821S-W/ | item:dom
MSZ-ZXV2821S-T,ミツビシデンキ,霧ヶ峰,https://kakaku.com/item/K0001324814/,,5.0,1.0,82.0,search_hit:https://search.kakaku.com/MSZ-ZXV2821S-T/ | item:dom
MSZ-ZXV2522-W,ミツビシデンキ,霧ヶ峰,https://kakaku.com/item/K0001420468/,,5.0,2.0,35.0,search_hit:https://search.kakaku.com/MSZ-ZXV2522-W/ | item:dom
MSZ-ZXV2522-T,ミツビシデンキ,霧ヶ峰,https://kakaku.com/item/K0001420469/,,5.0,2.0,35.0,search_hit:https://search.kakaku.com/MSZ-ZXV2522-T/ | item:dom
MSZ-X4025S-W,ミツビシデンキ,霧ヶ峰,https://kakaku.com/item/K0001674036/,203600.0,5.0,1.0,9.0,search_hit:https://search.kakaku.com/MSZ-X4025S-W/ | item:dom
MSZ-X2221-W,ミツビシデンキ,霧ヶ峰,https://kakaku.com/item/K0001327502/,,5.0,1.0,7.0,search_hit:https://search.kakaku.com/MSZ-X2221/ | item:dom
MSZ-HXV2523-W,ミツビシデンキ,霧ヶ峰,https://kakaku.com/item/K0001473875/,145000.0,5.0,1.0,1.0,search_hit:https://search.kakaku.com/MSZ-HXV2523/ | item:dom
MSZ-X2222D-W,ミツビシデンキ,霧ヶ峰,https://kakaku.com/item/K0001426081/,154540.0,5.0,1.0,1.0,search_hit:https://search.kakaku.com/MSZ-X2222D/ | item:dom
MSZ-JXV2525-W,ミツビシデンキ,霧ヶ峰,https://kakaku.com/item/K0001676766/,107250.0,5.0,1.0,,search_hit:https://search.kakaku.com/MSZ-JXV2525-W/ | item:dom
MSZ-JXV2525E-W,ミツビシデンキ,霧ヶ峰,https://kakaku.com/item/K0001676766/,107250.0,5.0,1.0,,search_hit:https://search.kakaku.com/MSZ-JXV2525E/ | item:dom
MSZ-JXV2525EE-W,ミツビシデンキ,霧ヶ峰,https://kakaku.com/item/K0001676766/,107250.0,5.0,1.0,,search_hit:https://search.kakaku.com/MSZ-JXV2525EE/ | item:dom
MSZ-JXV3625-W,ミツビシデンキ,霧ヶ峰,https://kakaku.com/item/K0001676769/,120400.0,5.0,1.0,,search_hit:https://search.kakaku.com/MSZ-JXV3625-W/ | item:dom
MSZ-JXV3625E-W,ミツビシデンキ,霧ヶ峰,https://kakaku.com/item/K0001676769/,120400.0,5.0,1.0,,search_hit:https://search.kakaku.com/MSZ-JXV3625E/ | item:dom
MSZ-JXV3625EE-W,ミツビシデンキ,霧ヶ峰,https://kakaku.com/item/K0001676769/,120400.0,5.0,1.0,,search_hit:https://search.kakaku.com/MSZ-JXV3625EE/ | item:dom
MSZ-JXV4025S-W,ミツビシデンキ,霧ヶ峰,https://kakaku.com/item/K0001676771/,136653.0,5.0,1.0,,search_hit:https://search.kakaku.com/MSZ-JXV4025S-W/ | item:dom
MSZ-FZV5621S-W,ミツビシデンキ,霧ヶ峰,https://kakaku.com/item/K0001323910/,,5.0,2.0,,search_hit:https://search.kakaku.com/MSZ-FZV5621S/ | item:dom
MSZ-FZV7121S-W,ミツビシデンキ,霧ヶ峰,https://kakaku.com/item/K0001323912/,,5.0,1.0,,search_hit:https://search.kakaku.com/MSZ-FZV7121S/ | item:dom
MSZ-JXV2522-W,ミツビシデンキ,霧ヶ峰,https://kakaku.com/item/K0001436992/,,5.0,1.0,,search_hit:https://search.kakaku.com/MSZ-JXV2522-W/ | item:dom
MSZ-JXV2522-T,ミツビシデンキ,霧ヶ峰,https://kakaku.com/item/K0001436993/,,5.0,1.0,,search_hit:https://search.kakaku.com/MSZ-JXV2522-T/ | item:dom
MSZ-JXV2822-W,ミツビシデンキ,霧ヶ峰,https://kakaku.com/item/K0001436994/,,5.0,1.0,,search_hit:https://search.kakaku.com/MSZ-JXV2822-W/ | item:dom
MSZ-JXV2822-T,ミツビシデンキ,霧ヶ峰,https://kakaku.com/item/K0001436995/,,5.0,1.0,,search_hit:https://search.kakaku.com/MSZ-JXV2822-T/ | item:dom
MSZ-ZXV4021S-W,ミツビシデンキ,霧ヶ峰,https://kakaku.com/item/K0001324819/,,4.63,5.0,82.0,search_hit:https://search.kakaku.com/MSZ-ZXV4021S-W/ | item:dom
MSZ-ZXV4021S-T,ミツビシデンキ,霧ヶ峰,https://kakaku.com/item/K0001324820/,,4.63,5.0,82.0,search_hit:https://search.kakaku.com/MSZ-ZXV4021S-T/ | item:dom
MSZ-ZXV2822-W,ミツビシデンキ,霧ヶ峰,https://kakaku.com/item/K0001420470/,,4.61,3.0,35.0,search_hit:https://search.kakaku.com/MSZ-ZXV2822-W/ | item:dom
MSZ-ZXV2822-T,ミツビシデンキ,霧ヶ峰,https://kakaku.com/item/K0001420471/,,4.61,3.0,35.0,search_hit:https://search.kakaku.com/MSZ-ZXV2822-T/ | item:dom
MSZ-ZXV4022S-W,ミツビシデンキ,霧ヶ峰,https://kakaku.com/item/K0001420478/,,4.52,2.0,35.0,search_hit:https://search.kakaku.com/MSZ-ZXV4022S-W/ | item:dom
MSZ-ZXV4022S-T,ミツビシデンキ,霧ヶ峰,https://kakaku.com/item/K0001420479/,,4.52,2.0,35.0,search_hit:https://search.kakaku.com/MSZ-ZXV4022S-T/ | item:dom
MSZ-XD2223-W,ミツビシデンキ,霧ヶ峰,https://kakaku.com/item/K0001467939/,,4.38,2.0,,search_hit:https://search.kakaku.com/MSZ-XD2223/ | item:dom
MSZ-ZXV2221-W,ミツビシデンキ,霧ヶ峰,https://kakaku.com/item/K0001324807/,,4.0,1.0,82.0,search_hit:https://search.kakaku.com/MSZ-ZXV2221-W/ | item:dom
MSZ-ZXV2221-T,ミツビシデンキ,霧ヶ峰,https://kakaku.com/item/K0001324808/,,4.0,1.0,82.0,search_hit:https://search.kakaku.com/MSZ-ZXV2221-T/ | item:dom
MSZ-ZXV2822S-W,ミツビシデンキ,霧ヶ峰,https://kakaku.com/item/K0001420472/,,4.0,1.0,35.0,search_hit:https://search.kakaku.com/MSZ-ZXV2822S-W/ | item:dom
MSZ-ZXV2822S-T,ミツビシデンキ,霧ヶ峰,https://kakaku.com/item/K0001420473/,,4.0,1.0,35.0,search_hit:https://search.kakaku.com/MSZ-ZXV2822S-T/ | item:dom
MSZ-JXV4025SE-W,ミツビシデンキ,霧ヶ峰,https://kakaku.com/item/K0001612964/,229800.0,4.0,2.0,10.0,search_hit:https://search.kakaku.com/MSZ-JXV4025SE/ | item:dom
MSZ-JXV4025SEE-W,ミツビシデンキ,霧ヶ峰,https://kakaku.com/item/K0001612964/,229800.0,4.0,2.0,10.0,search_hit:https://search.kakaku.com/MSZ-JXV4025SEE/ | item:dom
MSZ-JXV2821-W,ミツビシデンキ,霧ヶ峰,https://kakaku.com/item/K0001347473/,,4.0,1.0,1.0,search_hit:https://search.kakaku.com/MSZ-JXV2821-W/ | item:dom
MSZ-JXV2821-T,ミツビシデンキ,霧ヶ峰,https://kakaku.com/item/K0001347474/,,4.0,1.0,1.0,search_hit:https://search.kakaku.com/MSZ-JXV2821-T/ | item:dom
MSZ-JXV2825S-W,ミツビシデンキ,霧ヶ峰,https://kakaku.com/item/K0001676768/,118800.0,4.0,1.0,,search_hit:https://search.kakaku.com/MSZ-JXV2825S-W/ | item:dom
MSZ-JXV2821SE-W,ミツビシデンキ,霧ヶ峰,https://kakaku.com/item/K0001513297/,,4.0,1.0,,search_hit:https://search.kakaku.com/MSZ-JXV2821SE/ | item:dom
MSZ-JXV2821SE-T,ミツビシデンキ,霧ヶ峰,https://kakaku.com/item/K0001513297/,,4.0,1.0,,search_hit:https://search.kakaku.com/MSZ-JXV2821SE/ | item:dom
MSZ-JXV2821SEE-W,ミツビシデンキ,霧ヶ峰,https://kakaku.com/item/K0001513297/,,4.0,1.0,,search_hit:https://search.kakaku.com/MSZ-JXV2821SEE-W/ | item:dom
MSZ-JXV2821SEE-T,ミツビシデンキ,霧ヶ峰,https://kakaku.com/item/K0001513297/,,4.0,1.0,,search_hit:https://search.kakaku.com/MSZ-JXV2821SEE/ | item:dom
MSZ-ZD2822S-W,ミツビシデンキ,霧ヶ峰,https://kakaku.com/item/K0001355349/,,4.0,1.0,,search_hit:https://search.kakaku.com/MSZ-ZD2822S/ | item:dom
MSZ-ZY2522-W,ミツビシデンキ,霧ヶ峰,https://kakaku.com/item/K0001446409/,,4.0,1.0,,search_hit:https://search.kakaku.com/MSZ-ZY2522/ | item:dom
MSZ-JXV2221-W,ミツビシデンキ,霧ヶ峰,https://kakaku.com/item/K0001347469/,,3.86,3.0,1.0,search_hit:https://search.kakaku.com/MSZ-JXV2221-W/ | item:dom
MSZ-JXV2221-T,ミツビシデンキ,霧ヶ峰,https://kakaku.com/item/K0001347470/,,3.86,3.0,1.0,search_hit:https://search.kakaku.com/MSZ-JXV2221-T/ | item:dom
MSZ-FZV4022S-W,ミツビシデンキ,霧ヶ峰,https://kakaku.com/item/K0001397025/,,3.5,2.0,9.0,search_hit:https://search.kakaku.com/MSZ-FZV4022S/ | item:dom
MSZ-ZD2823S-W,ミツビシデンキ,霧ヶ峰,https://kakaku.com/item/K0001467933/,174500.0,3.0,1.0,19.0,search_hit:https://search.kakaku.com/MSZ-ZD2823S/ | item:dom
MSZ-JXV2225-W,ミツビシデンキ,霧ヶ峰,https://kakaku.com/item/K0001676765/,100980.0,3.0,1.0,,search_hit:https://search.kakaku.com/MSZ-JXV2225-W/ | item:dom
MSZ-JXV2225E-W,ミツビシデンキ,霧ヶ峰,https://kakaku.com/item/K0001676765/,100980.0,3.0,1.0,,search_hit:https://search.kakaku.com/MSZ-JXV2225E/ | item:dom
MSZ-JXV2225EE-W,ミツビシデンキ,霧ヶ峰,https://kakaku.com/item/K0001676765/,100980.0,3.0,1.0,,search_hit:https://search.kakaku.com/MSZ-JXV2225EE/ | item:dom
MSZ-ZD2522-W,ミツビシデンキ,霧ヶ峰,https://kakaku.com/item/K0001355348/,150300.0,2.0,1.0,,search_hit:https://search.kakaku.com/MSZ-ZD2522/ | item:dom
MSZ-JXV2222-W,ミツビシデンキ,霧ヶ峰,https://kakaku.com/item/K0001436990/,,2.0,1.0,,search_hit:https://search.kakaku.com/MSZ-JXV2222-W/ | item:dom
MSZ-JXV2222-T,ミツビシデンキ,霧ヶ峰,https://kakaku.com/item/K0001436991/,,2.0,1.0,,search_hit:https://search.kakaku.com/MSZ-JXV2222-T/ | item:dom
MSZ-ZXV2521-W,ミツビシデンキ,霧ヶ峰,https://kakaku.com/item/K0001324809/,102799.0,,,82.0,search_hit:https://search.kakaku.com/MSZ-ZXV2521-W/ | item:dom
MSZ-ZXV3621S-W,ミツビシデンキ,霧ヶ峰,https://kakaku.com/item/K0001324817/,132000.0,,,82.0,search_hit:https://search.kakaku.com/MSZ-ZXV3621S-W/ | item:dom
MSZ-ZXV2521-T,ミツビシデンキ,霧ヶ峰,https://kakaku.com/item/K0001324810/,,,,82.0,search_hit:https://search.kakaku.com/MSZ-ZXV2521-T/ | item:dom
MSZ-ZXV3621-W,ミツビシデンキ,霧ヶ峰,https://kakaku.com/item/K0001324815/,,,,82.0,search_hit:https://search.kakaku.com/MSZ-ZXV3621-W/ | item:dom
MSZ-ZXV3621-T,ミツビシデンキ,霧ヶ峰,https://kakaku.com/item/K0001324816/,,,,82.0,search_hit:https://search.kakaku.com/MSZ-ZXV3621-T/ | item:dom
MSZ-ZXV3621S-T,ミツビシデンキ,霧ヶ峰,https://kakaku.com/item/K0001324818/,,,,82.0,search_hit:https://search.kakaku.com/MSZ-ZXV3621S-T/ | item:dom
MSZ-ZXV2222-W,ミツビシデンキ,霧ヶ峰,https://kakaku.com/item/K0001420466/,,,,35.0,search_hit:https://search.kakaku.com/MSZ-ZXV2222-W/ | item:dom
MSZ-ZXV2222-T,ミツビシデンキ,霧ヶ峰,https://kakaku.com/item/K0001420467/,,,,35.0,search_hit:https://search.kakaku.com/MSZ-ZXV2222-T/ | item:dom
MSZ-XD2222-W,ミツビシデンキ,霧ヶ峰,https://kakaku.com/item/K0001355341/,105500.0,,,19.0,search_hit:https://search.kakaku.com/MSZ-XD2222/ | item:dom
MSZ-ZD2523-W,ミツビシデンキ,霧ヶ峰,https://kakaku.com/item/K0001467932/,,,,19.0,search_hit:https://search.kakaku.com/MSZ-ZD2523/ | item:dom
MSZ-X2225-W,ミツビシデンキ,霧ヶ峰,https://kakaku.com/item/K0001674032/,153000.0,,,9.0,search_hit:https://search.kakaku.com/MSZ-X2225-W/ | item:dom
MSZ-X2525-W,ミツビシデンキ,霧ヶ峰,https://kakaku.com/item/K0001674033/,160000.0,,,9.0,search_hit:https://search.kakaku.com/MSZ-X2525-W/ | item:dom
MSZ-X2825-W,ミツビシデンキ,霧ヶ峰,https://kakaku.com/item/K0001674034/,200000.0,,,9.0,search_hit:https://search.kakaku.com/MSZ-X2825-W/ | item:dom
MSZ-X3625-W,ミツビシデンキ,霧ヶ峰,https://kakaku.com/item/K0001674035/,205200.0,,,9.0,search_hit:https://search.kakaku.com/MSZ-X3625-W/ | item:dom
MSZ-FZV5622S-W,ミツビシデンキ,霧ヶ峰,https://kakaku.com/item/K0001397026/,,,,9.0,search_hit:https://search.kakaku.com/MSZ-FZV5622S/ | item:dom
MSZ-FZV6322S-W,ミツビシデンキ,霧ヶ峰,https://kakaku.com/item/K0001397027/,,,,9.0,search_hit:https://search.kakaku.com/MSZ-FZV6322S/ | item:dom
MSZ-X2821-W,ミツビシデンキ,霧ヶ峰,https://kakaku.com/item/K0001327504/,108700.0,,,7.0,search_hit:https://search.kakaku.com/MSZ-X2821/ | item:dom
MSZ-X2521-W,ミツビシデンキ,霧ヶ峰,https://kakaku.com/item/K0001327503/,,,,7.0,search_hit:https://search.kakaku.com/MSZ-X2521/ | item:dom
MSZ-HXV2822S-W,ミツビシデンキ,霧ヶ峰,https://kakaku.com/item/K0001366867/,,,,6.0,search_hit:https://search.kakaku.com/MSZ-HXV2822S/ | item:dom
MSZ-ZW2226-W,ミツビシデンキ,霧ヶ峰,https://kakaku.com/item/K0001706667/,245731.0,,,2.0,search_hit:https://search.kakaku.com/MSZ-ZW2226-W/ | item:dom
MSZ-ZW2526-W,ミツビシデンキ,霧ヶ峰,https://kakaku.com/item/K0001706668/,260535.0,,,2.0,search_hit:https://search.kakaku.com/MSZ-ZW2526-W/ | item:dom
MSZ-ZW2826-W,ミツビシデンキ,霧ヶ峰,https://kakaku.com/item/K0001706669/,269989.0,,,2.0,search_hit:https://search.kakaku.com/MSZ-ZW2826-W/ | item:dom
MSZ-ZW2826S-W,ミツビシデンキ,霧ヶ峰,https://kakaku.com/item/K0001706670/,278312.0,,,2.0,search_hit:https://search.kakaku.com/MSZ-ZW2826S-W/ | item:dom
MSZ-ZW3626-W,ミツビシデンキ,霧ヶ峰,https://kakaku.com/item/K0001706671/,285331.0,,,2.0,search_hit:https://search.kakaku.com/MSZ-ZW3626-W/ | item:dom
MSZ-ZW4026S-W,ミツビシデンキ,霧ヶ峰,https://kakaku.com/item/K0001706673/,291096.0,,,2.0,search_hit:https://search.kakaku.com/MSZ-ZW4026S-W/ | item:dom
MSZ-ZW3626S-W,ミツビシデンキ,霧ヶ峰,https://kakaku.com/item/K0001706672/,293067.0,,,2.0,search_hit:https://search.kakaku.com/MSZ-ZW3626S-W/ | item:dom
MSZ-JXV2522E-W,ミツビシデンキ,霧ヶ峰,https://kakaku.com/item/K0001540282/,,,,2.0,search_hit:https://search.kakaku.com/MSZ-JXV2522E-W/ | item:dom
MSZ-JXV2522E-T,ミツビシデンキ,霧ヶ峰,https://kakaku.com/item/K0001540282/,,,,2.0,search_hit:https://search.kakaku.com/MSZ-JXV2522E/ | item:dom
MSZ-JXV2822E-W,ミツビシデンキ,霧ヶ峰,https://kakaku.com/item/K0001602168/,,,,2.0,search_hit:https://search.kakaku.com/MSZ-JXV2822E-W/ | item:dom
MSZ-JXV2822E-T,ミツビシデンキ,霧ヶ峰,https://kakaku.com/item/K0001602168/,,,,2.0,search_hit:https://search.kakaku.com/MSZ-JXV2822E/ | item:dom
MSZ-JXV2822SE-W,ミツビシデンキ,霧ヶ峰,https://kakaku.com/item/K0001547910/,,,,2.0,search_hit:https://search.kakaku.com/MSZ-JXV2822SE-W/ | item:dom
MSZ-JXV2822SE-T,ミツビシデンキ,霧ヶ峰,https://kakaku.com/item/K0001547910/,,,,2.0,search_hit:https://search.kakaku.com/MSZ-JXV2822SE/ | item:dom
MSZ-X2522D-W,ミツビシデンキ,霧ヶ峰,https://kakaku.com/item/K0001426082/,101200.0,,,1.0,search_hit:https://search.kakaku.com/MSZ-X2522D-W/ | item:dom
MSZ-X2822D-W,ミツビシデンキ,霧ヶ峰,https://kakaku.com/item/K0001426083/,109800.0,,,1.0,search_hit:https://search.kakaku.com/MSZ-X2822D/ | item:dom
MSZ-HXV2823S-W,ミツビシデンキ,霧ヶ峰,https://kakaku.com/item/K0001473876/,159800.0,,,1.0,search_hit:https://search.kakaku.com/MSZ-HXV2823S/ | item:dom
MSZ-ZD2526-W,ミツビシデンキ,霧ヶ峰,https://kakaku.com/item/K0001706684/,290000.0,,,1.0,search_hit:https://search.kakaku.com/MSZ-ZD2526-W/ | item:dom
MSZ-ZD2826S-W,ミツビシデンキ,霧ヶ峰,https://kakaku.com/item/K0001706685/,310000.0,,,1.0,search_hit:https://search.kakaku.com/MSZ-ZD2826S-W/ | item:dom
MSZ-JXV2521-W,ミツビシデンキ,霧ヶ峰,https://kakaku.com/item/K0001347471/,,,,1.0,search_hit:https://search.kakaku.com/MSZ-JXV2521-W/ | item:dom
MSZ-JXV2521-T,ミツビシデンキ,霧ヶ峰,https://kakaku.com/item/K0001347472/,,,,1.0,search_hit:https://search.kakaku.com/MSZ-JXV2521-T/ | item:dom
MSZ-JXV2821S-W,ミツビシデンキ,霧ヶ峰,https://kakaku.com/item/K0001347475/,,,,1.0,search_hit:https://search.kakaku.com/MSZ-JXV2821S-W/ | item:dom
MSZ-JXV2821S-T,ミツビシデンキ,霧ヶ峰,https://kakaku.com/item/K0001347476/,,,,1.0,search_hit:https://search.kakaku.com/MSZ-JXV2821S-T/ | item:dom
MSZ-JXV2825-W,ミツビシデンキ,霧ヶ峰,https://kakaku.com/item/K0001676767/,115500.0,,,,search_hit:https://search.kakaku.com/MSZ-JXV2825-W/ | item:dom
MSZ-JXV2825E-W,ミツビシデンキ,霧ヶ峰,https://kakaku.com/item/K0001676767/,115500.0,,,,search_hit:https://search.kakaku.com/MSZ-JXV2825E/ | item:dom
MSZ-JXV2825EE-W,ミツビシデンキ,霧ヶ峰,https://kakaku.com/item/K0001676767/,115500.0,,,,search_hit:https://search.kakaku.com/MSZ-JXV2825EE/ | item:dom
MSZ-JXV3625S-W,ミツビシデンキ,霧ヶ峰,https://kakaku.com/item/K0001676770/,125400.0,,,,search_hit:https://search.kakaku.com/MSZ-JXV3625S-W/ | item:dom
MSZ-ZD2521-W,ミツビシデンキ,霧ヶ峰,https://kakaku.com/item/K0001294059/,145600.0,,,,search_hit:https://search.kakaku.com/MSZ-ZD2521/ | item:dom
MSZ-ZXV2226-W,ミツビシデンキ,霧ヶ峰,https://kakaku.com/item/K0001712212/,148820.0,,,,search_hit:https://search.kakaku.com/MSZ-ZXV2226-W/ | item:dom
MSZ-NXV2226-W,ミツビシデンキ,霧ヶ峰,https://kakaku.com/item/K0001712236/,161620.0,,,,search_hit:https://search.kakaku.com/MSZ-NXV2226-W/ | item:dom
MSZ-ZXV2526-W,ミツビシデンキ,霧ヶ峰,https://kakaku.com/item/K0001712213/,165085.0,,,,search_hit:https://search.kakaku.com/MSZ-ZXV2526-W/ | item:dom
MSZ-ZXV2826-W,ミツビシデンキ,霧ヶ峰,https://kakaku.com/item/K0001712214/,175584.0,,,,search_hit:https://search.kakaku.com/MSZ-ZXV2826-W/ | item:dom
MSZ-HXV2826S-W,ミツビシデンキ,霧ヶ峰,https://kakaku.com/item/K0001712230/,175603.0,,,,search_hit:https://search.kakaku.com/MSZ-HXV2826S-W/ | item:dom
MSZ-ZXV2826S-W,ミツビシデンキ,霧ヶ峰,https://kakaku.com/item/K0001712215/,175604.0,,,,search_hit:https://search.kakaku.com/MSZ-ZXV2826S-W/ | item:dom
MSZ-ZXV4026S-W,ミツビシデンキ,霧ヶ峰,https://kakaku.com/item/K0001712218/,180000.0,,,,search_hit:https://search.kakaku.com/MSZ-ZXV4026S-W/ | item:dom
MSZ-ZD2821S-W,ミツビシデンキ,霧ヶ峰,https://kakaku.com/item/K0001294060/,182500.0,,,,search_hit:https://search.kakaku.com/MSZ-ZD2821S/ | item:dom
MSZ-ZXV3626-W,ミツビシデンキ,霧ヶ峰,https://kakaku.com/item/K0001712216/,190790.0,,,,search_hit:https://search.kakaku.com/MSZ-ZXV3626-W/ | item:dom
MSZ-XD2226-W,ミツビシデンキ,霧ヶ峰,https://kakaku.com/item/K0001712199/,191100.0,,,,search_hit:https://search.kakaku.com/MSZ-XD2226-W/ | item:dom
MSZ-HXV2526-W,ミツビシデンキ,霧ヶ峰,https://kakaku.com/item/K0001712229/,195355.0,,,,search_hit:https://search.kakaku.com/MSZ-HXV2526-W/ | item:dom
MSZ-ZXV3626S-W,ミツビシデンキ,霧ヶ峰,https://kakaku.com/item/K0001712217/,196947.0,,,,search_hit:https://search.kakaku.com/MSZ-ZXV3626S-W/ | item:dom
MSZ-FZV4026S-W,ミツビシデンキ,霧ヶ峰,https://kakaku.com/item/K0001712206/,241450.0,,,,search_hit:https://search.kakaku.com/MSZ-FZV4026S-W/ | item:dom
MSZ-FZV5626S-W,ミツビシデンキ,霧ヶ峰,https://kakaku.com/item/K0001712207/,270700.0,,,,search_hit:https://search.kakaku.com/MSZ-FZV5626S-W/ | item:dom
MSZ-FZ4026S-W,ミツビシデンキ,霧ヶ峰,https://kakaku.com/item/K0001706661/,326976.0,,,,search_hit:https://search.kakaku.com/MSZ-FZ4026S-W/ | item:dom
MSZ-FZ5626S-W,ミツビシデンキ,霧ヶ峰,https://kakaku.com/item/K0001706662/,344951.0,,,,search_hit:https://search.kakaku.com/MSZ-FZ5626S-W/ | item:dom
MSZ-ZXV3620E-T,ミツビシデンキ,霧ヶ峰,https://kakaku.com/item/K0001356839/,,,,,search_hit:https://search.kakaku.com/MSZ-ZXV3620E-T/ | item:ok_no_data
MSZ-ZXV3620SE-W,ミツビシデンキ,霧ヶ峰,,,,,,item_url_not_found
MSZ-ZXV3620SE-T,ミツビシデンキ,霧ヶ峰,,,,,,item_url_not_found
MSZ-ZXV4020SE-W,ミツビシデンキ,霧ヶ峰,https://kakaku.com/item/K0001348439/,,,,,search_hit:https://search.kakaku.com/MSZ-ZXV4020SE/ | item:ok_no_data
MSZ-ZXV4020SE-T,ミツビシデンキ,霧ヶ峰,https://kakaku.com/item/K0001348439/,,,,,search_hit:https://search.kakaku.com/MSZ-ZXV4020SE/ | item:ok_no_data
MSZ-ZY2220-W,ミツビシデンキ,霧ヶ峰,,,,,,item_url_not_found
MSZ-ZY2520-W,ミツビシデンキ,霧ヶ峰,,,,,,item_url_not_found
MSZ-ZY2820-W,ミツビシデンキ,霧ヶ峰,,,,,,item_url_not_found
MSZ-EM2221E9-W,ミツビシデンキ,霧ヶ峰,,,,,,item_url_not_found
MSZ-EM2521E9-W,ミツビシデンキ,霧ヶ峰,,,,,,item_url_not_found
MSZ-EM2821E9-W,ミツビシデンキ,霧ヶ峰,,,,,,item_url_not_found
MSZ-EM4021E9S-W,ミツビシデンキ,霧ヶ峰,,,,,,item_url_not_found
MSZ-FZV4021S-W,ミツビシデンキ,霧ヶ峰,https://kakaku.com/item/K0001323909/,,,,,search_hit:https://search.kakaku.com/MSZ-FZV4021S/ | item:ok_no_data
MSZ-FZV6321S-W,ミツビシデンキ,霧ヶ峰,https://kakaku.com/item/K0001323911/,,,,,search_hit:https://search.kakaku.com/MSZ-FZV6321S/ | item:ok_no_data
MSZ-FZV4021SE-W,ミツビシデンキ,霧ヶ峰,,,,,,item_url_not_found
MSZ-FZV5621SE-W,ミツビシデンキ,霧ヶ峰,,,,,,item_url_not_found
MSZ-FZV6321SE-W,ミツビシデンキ,霧ヶ峰,,,,,,item_url_not_found
MSZ-FZV7121SE-W,ミツビシデンキ,霧ヶ峰,https://kakaku.com/item/K0001570050/,,,,,search_hit:https://search.kakaku.com/MSZ-FZV7121SE-W/ | item:ok_no_data
MSZ-JXV2221E-W,ミツビシデンキ,霧ヶ峰,https://kakaku.com/item/K0001446760/,,,,,search_hit:https://search.kakaku.com/MSZ-JXV2221E/ | item:ok_no_data
MSZ-JXV2221E-T,ミツビシデンキ,霧ヶ峰,https://kakaku.com/item/K0001446760/,,,,,search_hit:https://search.kakaku.com/MSZ-JXV2221E/ | item:ok_no_data
MSZ-JXV2521E-W,ミツビシデンキ,霧ヶ峰,https://kakaku.com/item/K0001446762/,,,,,search_hit:https://search.kakaku.com/MSZ-JXV2521E/ | item:ok_no_data
MSZ-JXV2521E-T,ミツビシデンキ,霧ヶ峰,https://kakaku.com/item/K0001446762/,,,,,search_hit:https://search.kakaku.com/MSZ-JXV2521E/ | item:ok_no_data
MSZ-JXV2821E-W,ミツビシデンキ,霧ヶ峰,,,,,,item_url_not_found
MSZ-JXV2821E-T,ミツビシデンキ,霧ヶ峰,,,,,,item_url_not_found
MSZ-JXV2221EE-W,ミツビシデンキ,霧ヶ峰,,,,,,item_url_not_found
MSZ-JXV2221EE-T,ミツビシデンキ,霧ヶ峰,,,,,,item_url_not_found
MSZ-JXV2521EE-W,ミツビシデンキ,霧ヶ峰,,,,,,item_url_not_found
MSZ-JXV2521EE-T,ミツビシデンキ,霧ヶ峰,,,,,,item_url_not_found
MSZ-JXV2821EE-W,ミツビシデンキ,霧ヶ峰,,,,,,item_url_not_found
MSZ-JXV2821EE-T,ミツビシデンキ,霧ヶ峰,,,,,,item_url_not_found
MSZ-XD2221-W,ミツビシデンキ,霧ヶ峰,https://kakaku.com/item/K0001278879/,,,,,search_hit:https://search.kakaku.com/MSZ-XD2221/ | item:ok_no_data
MSZ-XK2221-W,ミツビシデンキ,霧ヶ峰,,,,,,item_url_not_found
MSZ-XK2521-W,ミツビシデンキ,霧ヶ峰,,,,,,item_url_not_found
MSZ-XK2821-W,ミツビシデンキ,霧ヶ峰,,,,,,item_url_not_found
MSZ-ZXV2221E-W,ミツビシデンキ,霧ヶ峰,https://kakaku.com/item/K0001462004/,,,,,search_hit:https://search.kakaku.com/MSZ-ZXV2221E/ | item:ok_no_data
MSZ-ZXV2221E-T,ミツビシデンキ,霧ヶ峰,https://kakaku.com/item/K0001462004/,,,,,search_hit:https://search.kakaku.com/MSZ-ZXV2221E/ | item:ok_no_data
MSZ-ZXV2521E-W,ミツビシデンキ,霧ヶ峰,https://kakaku.com/item/K0001462005/,,,,,search_hit:https://search.kakaku.com/MSZ-ZXV2521E/ | item:ok_no_data
MSZ-ZXV2521E-T,ミツビシデンキ,霧ヶ峰,https://kakaku.com/item/K0001462005/,,,,,search_hit:https://search.kakaku.com/MSZ-ZXV2521E/ | item:ok_no_data
MSZ-ZXV2821E-W,ミツビシデンキ,霧ヶ峰,https://kakaku.com/item/K0001462006/,,,,,search_hit:https://search.kakaku.com/MSZ-ZXV2821E/ | item:ok_no_data
MSZ-ZXV2821E-T,ミツビシデンキ,霧ヶ峰,https://kakaku.com/item/K0001462006/,,,,,search_hit:https://search.kakaku.com/MSZ-ZXV2821E/ | item:ok_no_data
MSZ-ZXV2821SE-W,ミツビシデンキ,霧ヶ峰,https://kakaku.com/item/K0001474001/,,,,,search_hit:https://search.kakaku.com/MSZ-ZXV2821SE-W/ | item:ok_no_data
MSZ-ZXV2821SE-T,ミツビシデンキ,霧ヶ峰,https://kakaku.com/item/K0001474002/,,,,,search_hit:https://search.kakaku.com/MSZ-ZXV2821SE-T/ | item:ok_no_data
MSZ-ZXV3621E-W,ミツビシデンキ,霧ヶ峰,https://kakaku.com/item/K0001659704/,,,,,search_hit:https://search.kakaku.com/MSZ-ZXV3621E-W/ | item:ok_no_data
MSZ-ZXV3621E-T,ミツビシデンキ,霧ヶ峰,https://kakaku.com/item/K0001659704/,,,,,search_hit:https://search.kakaku.com/MSZ-ZXV3621E/ | item:ok_no_data
MSZ-ZXV3621SE-W,ミツビシデンキ,霧ヶ峰,https://kakaku.com/item/K0001506449/,,,,,search_hit:https://search.kakaku.com/MSZ-ZXV3621SE-W/ | item:ok_no_data
MSZ-ZXV3621SE-T,ミツビシデンキ,霧ヶ峰,https://kakaku.com/item/K0001506450/,,,,,search_hit:https://search.kakaku.com/MSZ-ZXV3621SE-T/ | item:ok_no_data
MSZ-ZXV4021SE-W,ミツビシデンキ,霧ヶ峰,https://kakaku.com/item/K0001659705/,,,,,search_hit:https://search.kakaku.com/MSZ-ZXV4021SE-W/ | item:ok_no_data
MSZ-ZXV4021SE-T,ミツビシデンキ,霧ヶ峰,https://kakaku.com/item/K0001659705/,,,,,search_hit:https://search.kakaku.com/MSZ-ZXV4021SE/ | item:ok_no_data
MSZ-ZY2221-W,ミツビシデンキ,霧ヶ峰,,,,,,item_url_not_found
MSZ-ZY2521-W,ミツビシデンキ,霧ヶ峰,,,,,,item_url_not_found
MSZ-ZY2821-W,ミツビシデンキ,霧ヶ峰,,,,,,item_url_not_found
MSZ-EM2222E1-W,ミツビシデンキ,霧ヶ峰,,,,,,item_url_not_found
MSZ-EM2522E1-W,ミツビシデンキ,霧ヶ峰,,,,,,item_url_not_found
MSZ-EM2822E1-W,ミツビシデンキ,霧ヶ峰,,,,,,item_url_not_found
MSZ-EM4022E1S-W,ミツビシデンキ,霧ヶ峰,,,,,,item_url_not_found
MSZ-FZV4022SE-W,ミツビシデンキ,霧ヶ峰,https://kakaku.com/item/K0001670444/,,,,,search_hit:https://search.kakaku.com/MSZ-FZV4022SE-W/ | item:ok_no_data
MSZ-FZV5622SE-W,ミツビシデンキ,霧ヶ峰,https://kakaku.com/item/K0001670445/,,,,,search_hit:https://search.kakaku.com/MSZ-FZV5622SE-W/ | item:ok_no_data
MSZ-FZV6322SE-W,ミツビシデンキ,霧ヶ峰,https://kakaku.com/item/K0001670446/,,,,,search_hit:https://search.kakaku.com/MSZ-FZV6322SE-W/ | item:ok_no_data
MSZ-HXV2522-W,ミツビシデンキ,霧ヶ峰,https://kakaku.com/item/K0001547907/,,,,,search_hit:https://search.kakaku.com/MSZ-HXV2522/ | item:ok_no_data
MSZ-HXV2522E-W,ミツビシデンキ,霧ヶ峰,https://kakaku.com/item/K0001547907/,,,,,search_hit:https://search.kakaku.com/MSZ-HXV2522E-W/ | item:ok_no_data
MSZ-HXV2822SE-W,ミツビシデンキ,霧ヶ峰,,,,,,item_url_not_found
MSZ-JXV2822S-W,ミツビシデンキ,霧ヶ峰,https://kakaku.com/item/K0001436996/,,,,,search_hit:https://search.kakaku.com/MSZ-JXV2822S-W/ | item:ok_no_data
MSZ-JXV2822S-T,ミツビシデンキ,霧ヶ峰,https://kakaku.com/item/K0001436997/,,,,,search_hit:https://search.kakaku.com/MSZ-JXV2822S-T/ | item:ok_no_data
MSZ-JXV2222E-W,ミツビシデンキ,霧ヶ峰,,,,,,item_url_not_found
MSZ-JXV2222E-T,ミツビシデンキ,霧ヶ峰,,,,,,item_url_not_found
MSZ-JXV2222EE-W,ミツビシデンキ,霧ヶ峰,,,,,,item_url_not_found
MSZ-JXV2222EE-T,ミツビシデンキ,霧ヶ峰,,,,,,item_url_not_found
MSZ-JXV2522EE-W,ミツビシデンキ,霧ヶ峰,,,,,,item_url_not_found
MSZ-JXV2522EE-T,ミツビシデンキ,霧ヶ峰,,,,,,item_url_not_found
MSZ-JXV2822EE-W,ミツビシデンキ,霧ヶ峰,,,,,,item_url_not_found
MSZ-JXV2822EE-T,ミツビシデンキ,霧ヶ峰,,,,,,item_url_not_found
MSZ-JXV2822SEE-W,ミツビシデンキ,霧ヶ峰,,,,,,item_url_not_found
MSZ-JXV2822SEE-T,ミツビシデンキ,霧ヶ峰,,,,,,item_url_not_found
MSZ-NXV2222-W,ミツビシデンキ,霧ヶ峰,https://kakaku.com/item/K0001540786/,,,,,search_hit:https://search.kakaku.com/MSZ-NXV2222/ | item:ok_no_data
MSZ-NXV2222E-W,ミツビシデンキ,霧ヶ峰,https://kakaku.com/item/K0001540786/,,,,,search_hit:https://search.kakaku.com/MSZ-NXV2222E-W/ | item:ok_no_data
MSZ-XK2222-W,ミツビシデンキ,霧ヶ峰,,,,,,item_url_not_found
MSZ-XK2522-W,ミツビシデンキ,霧ヶ峰,,,,,,item_url_not_found
MSZ-XK2822-W,ミツビシデンキ,霧ヶ峰,,,,,,item_url_not_found
MSZ-ZXV2222E-W,ミツビシデンキ,霧ヶ峰,https://kakaku.com/item/K0001629272/,,,,,search_hit:https://search.kakaku.com/MSZ-ZXV2222E-W/ | item:ok_no_data
MSZ-ZXV2222E-T,ミツビシデンキ,霧ヶ峰,https://kakaku.com/item/K0001629271/,,,,,search_hit:https://search.kakaku.com/MSZ-ZXV2222E-T/ | item:ok_no_data
MSZ-ZXV2522E-W,ミツビシデンキ,霧ヶ峰,https://kakaku.com/item/K0001629274/,,,,,search_hit:https://search.kakaku.com/MSZ-ZXV2522E-W/ | item:ok_no_data
MSZ-ZXV2522E-T,ミツビシデンキ,霧ヶ峰,https://kakaku.com/item/K0001629273/,,,,,search_hit:https://search.kakaku.com/MSZ-ZXV2522E-T/ | item:ok_no_data
MSZ-ZXV2822E-W,ミツビシデンキ,霧ヶ峰,https://kakaku.com/item/K0001629276/,,,,,search_hit:https://search.kakaku.com/MSZ-ZXV2822E-W/ | item:ok_no_data
MSZ-ZXV2822E-T,ミツビシデンキ,霧ヶ峰,https://kakaku.com/item/K0001629275/,,,,,search_hit:https://search.kakaku.com/MSZ-ZXV2822E-T/ | item:ok_no_data
MSZ-ZXV2822SE-W,ミツビシデンキ,霧ヶ峰,https://kakaku.com/item/K0001629278/,,,,,search_hit:https://search.kakaku.com/MSZ-ZXV2822SE-W/ | item:ok_no_data
MSZ-ZXV2822SE-T,ミツビシデンキ,霧ヶ峰,https://kakaku.com/item/K0001629277/,,,,,search_hit:https://search.kakaku.com/MSZ-ZXV2822SE-T/ | item:ok_no_data
MSZ-ZXV4022SE-W,ミツビシデンキ,霧ヶ峰,https://kakaku.com/item/K0001629282/,,,,,search_hit:https://search.kakaku.com/MSZ-ZXV4022SE-W/ | item:ok_no_data
MSZ-ZXV4022SE-T,ミツビシデンキ,霧ヶ峰,https://kakaku.com/item/K0001540784/,,,,,search_hit:https://search.kakaku.com/MSZ-ZXV4022SE-T/ | item:ok_no_data
MSZ-ZY2222-W,ミツビシデンキ,霧ヶ峰,https://kakaku.com/item/K0001446408/,,,,,search_hit:https://search.kakaku.com/MSZ-ZY2222/ | item:ok_no_data
MSZ-ZY2822-W,ミツビシデンキ,霧ヶ峰,https://kakaku.com/item/K0001446410/,,,,,search_hit:https://search.kakaku.com/MSZ-ZY2822/ | item:ok_no_data
MSZ-JXV2825SE-W,ミツビシデンキ,霧ヶ峰,,,,,,item_url_not_found
MSZ-JXV3625SE-W,ミツビシデンキ,霧ヶ峰,,,,,,item_url_not_found
MSZ-JXV2825SEE-W,ミツビシデンキ,霧ヶ峰,,,,,,item_url_not_found
MSZ-JXV3625SEE-W,ミツビシデンキ,霧ヶ峰,,,,,,item_url_not_found
MSZ-XK2225-W,ミツビシデンキ,霧ヶ峰,,,,,,item_url_not_found
MSZ-XK2525-W,ミツビシデンキ,霧ヶ峰,,,,,,item_url_not_found
MSZ-XK2825-W,ミツビシデンキ,霧ヶ峰,,,,,,item_url_not_found
MSZ-XK3625-W,ミツビシデンキ,霧ヶ峰,,,,,,item_url_not_found
MSZ-XK4025S-W,ミツビシデンキ,霧ヶ峰,,,,,,item_url_not_found
MSZ-ZY2225-W,ミツビシデンキ,霧ヶ峰,,,,,,item_url_not_found
MSZ-ZY2525-W,ミツビシデンキ,霧ヶ峰,,,,,,item_url_not_found
MSZ-ZY2825-W,ミツビシデンキ,霧ヶ峰,,,,,,item_url_not_found
MSZ-ZY4025S-W,ミツビシデンキ,霧ヶ峰,,,,,,item_url_not_found
MSZ-FZV4026SE-W,ミツビシデンキ,霧ヶ峰,,,,,,item_url_not_found
MSZ-FZV5626SE-W,ミツビシデンキ,霧ヶ峰,,,,,,item_url_not_found
MSZ-ZXV2226E-W,ミツビシデンキ,霧ヶ峰,,,,,,item_url_not_found
MSZ-ZXV2526E-W,ミツビシデンキ,霧ヶ峰,,,,,,item_url_not_found
MSZ-ZXV2826E-W,ミツビシデンキ,霧ヶ峰,,,,,,item_url_not_found
MSZ-ZXV2826SE-W,ミツビシデンキ,霧ヶ峰,,,,,,item_url_not_found
MSZ-ZXV3626E-W,ミツビシデンキ,霧ヶ峰,,,,,,item_url_not_found
MSZ-ZXV3626SE-W,ミツビシデンキ,霧ヶ峰,,,,,,item_url_not_found
MSZ-ZXV4026SE-W,ミツビシデンキ,霧ヶ峰,,,,,,item_url_not_found
MSZ-EM2226E6-W,ミツビシデンキ,霧ヶ峰,,,,,,item_url_not_found
MSZ-EM2526E6-W,ミツビシデンキ,霧ヶ峰,,,,,,item_url_not_found
MSZ-EM2826E6-W,ミツビシデンキ,霧ヶ峰,,,,,,item_url_not_found
MSZ-EM3626E6-W,ミツビシデンキ,霧ヶ峰,,,,,,item_url_not_found
MSZ-EM4026E6S-W,ミツビシデンキ,霧ヶ峰,,,,,,item_url_not_found
MSZ-HXV2526E-W,ミツビシデンキ,霧ヶ峰,,,,,,item_url_not_found
MSZ-HXV2826SE-W,ミツビシデンキ,霧ヶ峰,,,,,,item_url_not_found
MSZ-NXV2226E-W,ミツビシデンキ,霧ヶ峰,,,,,,item_url_not_found
MSZ-HXV2523E-W,ミツビシデンキ,霧ヶ峰,https://kakaku.com/item/K0001629264/,,,,,search_hit:https://search.kakaku.com/MSZ-HXV2523E-W/ | item:ok_no_data
MSZ-HXV2823SE-W,ミツビシデンキ,霧ヶ峰,https://kakaku.com/item/K0001629265/,,,,,search_hit:https://search.kakaku.com/MSZ-HXV2823SE-W/ | item:ok_no_data
MSZ-NXV2223-W,ミツビシデンキ,霧ヶ峰,https://kakaku.com/item/K0001620566/,,,,,search_hit:https://search.kakaku.com/MSZ-NXV2223/ | item:ok_no_data
MSZ-NXV2223E-W,ミツビシデンキ,霧ヶ峰,https://kakaku.com/item/K0001620566/,,,,,search_hit:https://search.kakaku.com/MSZ-NXV2223E-W/ | item:ok_no_data
