メーカー,製品名,型番名
ゼネラル（キュウシャメイ　フジツウゼネラル）,nocria,AS-MH220K
ゼネラル（キュウシャメイ　フジツウゼネラル）,nocria,AS-ZN403N2W
ゼネラル（キュウシャメイ　フジツウゼネラル）,nocria,AS-ZN283N2W
ゼネラル（キュウシャメイ　フジツウゼネラル）,nocria,AS-ZN253N-W
ゼネラル（キュウシャメイ　フジツウゼネラル）,nocria,AS-220AE8
ゼネラル（キュウシャメイ　フジツウゼネラル）,nocria,AS-250AE8
ゼネラル（キュウシャメイ　フジツウゼネラル）,nocria,AS-280AE8
ゼネラル（キュウシャメイ　フジツウゼネラル）,nocria,AS-400A2E8
ゼネラル（キュウシャメイ　フジツウゼネラル）,nocria,AS-Z400KS2
ゼネラル（キュウシャメイ　フジツウゼネラル）,nocria,AS-Z250KS
ゼネラル（キュウシャメイ　フジツウゼネラル）,nocria,AS-Z280KS
ゼネラル（キュウシャメイ　フジツウゼネラル）,nocria,AS-XW22K-W
ゼネラル（キュウシャメイ　フジツウゼネラル）,nocria,AS-XW25K-W
ゼネラル（キュウシャメイ　フジツウゼネラル）,nocria,AS-XW28K-W
ゼネラル（キュウシャメイ　フジツウゼネラル）,nocria,AS-XW40K2W
ゼネラル（キュウシャメイ　フジツウゼネラル）,nocria,AS-X22K-W
ゼネラル（キュウシャメイ　フジツウゼネラル）,nocria,AS-X25K-W
ゼネラル（キュウシャメイ　フジツウゼネラル）,nocria,AS-X28K-W
ゼネラル（キュウシャメイ　フジツウゼネラル）,nocria,AS-X40K2W
ゼネラル（キュウシャメイ　フジツウゼネラル）,nocria,AS-Z401L2W
ゼネラル（キュウシャメイ　フジツウゼネラル）,nocria,AS-Z281L-W
ゼネラル（キュウシャメイ　フジツウゼネラル）,nocria,AS-Z251L-W
ゼネラル（キュウシャメイ　フジツウゼネラル）,nocria,AS-Z221L-W
ゼネラル（キュウシャメイ　フジツウゼネラル）,nocria,AS-M401L2W
ゼネラル（キュウシャメイ　フジツウゼネラル）,nocria,AS-M251L-W
ゼネラル（キュウシャメイ　フジツウゼネラル）,nocria,AS-M221L-W
ゼネラル（キュウシャメイ　フジツウゼネラル）,nocria,AS-X281L-W
ゼネラル（キュウシャメイ　フジツウゼネラル）,nocria,AS-XW281L-W
ゼネラル（キュウシャメイ　フジツウゼネラル）,nocria,AS-XW401L2W
ゼネラル（キュウシャメイ　フジツウゼネラル）,nocria,AS-XW251L-W
ゼネラル（キュウシャメイ　フジツウゼネラル）,nocria,AS-XW221L-W
ゼネラル（キュウシャメイ　フジツウゼネラル）,nocria,AS-X401L2W
ゼネラル（キュウシャメイ　フジツウゼネラル）,nocria,AS-X251L-W
ゼネラル（キュウシャメイ　フジツウゼネラル）,nocria,AS-X221L-W
ゼネラル（キュウシャメイ　フジツウゼネラル）,nocria,AS-ZN401L2W
ゼネラル（キュウシャメイ　フジツウゼネラル）,nocria,AS-ZN281L2W
ゼネラル（キュウシャメイ　フジツウゼネラル）,nocria,AS-ZN251L-W
ゼネラル（キュウシャメイ　フジツウゼネラル）,nocria,AS-M22K-W
ゼネラル（キュウシャメイ　フジツウゼネラル）,nocria,AS-M25K-W
ゼネラル（キュウシャメイ　フジツウゼネラル）,nocria,AS-M40K2W
ゼネラル（キュウシャメイ　フジツウゼネラル）,nocria,AS-V22K-W
ゼネラル（キュウシャメイ　フジツウゼネラル）,nocria,AS-Z22K-W
ゼネラル（キュウシャメイ　フジツウゼネラル）,nocria,AS-Z25K-W
ゼネラル（キュウシャメイ　フジツウゼネラル）,nocria,AS-Z28K-W
ゼネラル（キュウシャメイ　フジツウゼネラル）,nocria,AS-Z40K2W
ゼネラル（キュウシャメイ　フジツウゼネラル）,nocria,AS-X402M2W
ゼネラル（キュウシャメイ　フジツウゼネラル）,nocria,AS-X282M-W
ゼネラル（キュウシャメイ　フジツウゼネラル）,nocria,AS-X252M-W
ゼネラル（キュウシャメイ　フジツウゼネラル）,nocria,AS-X222M-W
ゼネラル（キュウシャメイ　フジツウゼネラル）,nocria,AS-Z402M2W
ゼネラル（キュウシャメイ　フジツウゼネラル）,nocria,AS-Z282M-W
ゼネラル（キュウシャメイ　フジツウゼネラル）,nocria,AS-Z252M-W
ゼネラル（キュウシャメイ　フジツウゼネラル）,nocria,AS-Z222M-W
ゼネラル（キュウシャメイ　フジツウゼネラル）,nocria,AS-M402M2W
ゼネラル（キュウシャメイ　フジツウゼネラル）,nocria,AS-M222M-W
ゼネラル（キュウシャメイ　フジツウゼネラル）,nocria,AS-M252M-W
ゼネラル（キュウシャメイ　フジツウゼネラル）,nocria,AS-ZN402M2W
ゼネラル（キュウシャメイ　フジツウゼネラル）,nocria,AS-ZN282M2W
ゼネラル（キュウシャメイ　フジツウゼネラル）,nocria,AS-ZN252M-W
ゼネラル（キュウシャメイ　フジツウゼネラル）,nocria,AS-V221L-W
ゼネラル（キュウシャメイ　フジツウゼネラル）,nocria,AS-401LA2E9
ゼネラル（キュウシャメイ　フジツウゼネラル）,nocria,AS-281LAE9
ゼネラル（キュウシャメイ　フジツウゼネラル）,nocria,AS-251LAE9
ゼネラル（キュウシャメイ　フジツウゼネラル）,nocria,AS-221LAE9
ゼネラル（キュウシャメイ　フジツウゼネラル）,nocria,AS-Z401LKS2
ゼネラル（キュウシャメイ　フジツウゼネラル）,nocria,AS-Z281LKS
ゼネラル（キュウシャメイ　フジツウゼネラル）,nocria,AS-Z251LKS
ゼネラル（キュウシャメイ　フジツウゼネラル）,nocria,AS-Z221LKS
ゼネラル（キュウシャメイ　フジツウゼネラル）,nocria,AS-M409H2W
ゼネラル（キュウシャメイ　フジツウゼネラル）,nocria,AS-M229H
ゼネラル（キュウシャメイ　フジツウゼネラル）,nocria,AS-M259H
ゼネラル（キュウシャメイ　フジツウゼネラル）,nocria,AS-Z220KS
ゼネラル（キュウシャメイ　フジツウゼネラル）,nocria,AS-Z402MKS2
ゼネラル（キュウシャメイ　フジツウゼネラル）,nocria,AS-Z282MKS
ゼネラル（キュウシャメイ　フジツウゼネラル）,nocria,AS-Z252MKS
ゼネラル（キュウシャメイ　フジツウゼネラル）,nocria,AS-Z222MKS
ゼネラル（キュウシャメイ　フジツウゼネラル）,nocria,AS-V222M-W
ゼネラル（キュウシャメイ　フジツウゼネラル）,nocria,AS-VH225S
ゼネラル（キュウシャメイ　フジツウゼネラル）,nocria,AS-VH255S
ゼネラル（キュウシャメイ　フジツウゼネラル）,nocria,AS-VH285S
ゼネラル（キュウシャメイ　フジツウゼネラル）,nocria,AS-W225S-W
ゼネラル（キュウシャメイ　フジツウゼネラル）,nocria,AS-W255S-W
ゼネラル（キュウシャメイ　フジツウゼネラル）,nocria,AS-W285S-W
ゼネラル（キュウシャメイ　フジツウゼネラル）,nocria,AS-W365S-W
ゼネラル（キュウシャメイ　フジツウゼネラル）,nocria,AS-W405S2W
ゼネラル（キュウシャメイ　フジツウゼネラル）,nocria,AS-WY225S-W
ゼネラル（キュウシャメイ　フジツウゼネラル）,nocria,AS-WY255S-W
ゼネラル（キュウシャメイ　フジツウゼネラル）,nocria,AS-WY285S-W
ゼネラル（キュウシャメイ　フジツウゼネラル）,nocria,AS-WY365S-W
ゼネラル（キュウシャメイ　フジツウゼネラル）,nocria,AS-WY405S2W
ゼネラル（キュウシャメイ　フジツウゼネラル）,nocria,AS-L225S-W
ゼネラル（キュウシャメイ　フジツウゼネラル）,nocria,AS-L255S-W
ゼネラル（キュウシャメイ　フジツウゼネラル）,nocria,AS-L285S-W
ゼネラル（キュウシャメイ　フジツウゼネラル）,nocria,AS-L365S-W
ゼネラル（キュウシャメイ　フジツウゼネラル）,nocria,AS-L405S2W
ゼネラル（キュウシャメイ　フジツウゼネラル）,nocria,AS-225SME5
ゼネラル（キュウシャメイ　フジツウゼネラル）,nocria,AS-255SME5
ゼネラル（キュウシャメイ　フジツウゼネラル）,nocria,AS-285SME5
ゼネラル（キュウシャメイ　フジツウゼネラル）,nocria,AS-405SM2E5
ダイキンコウギョウ,うるさらX,AN283ARS
ダイキンコウギョウ,スゴ暖（Dシリーズ）,AN403ADP
ダイキンコウギョウ,スゴ暖（Dシリーズ）,AN283ADP
ダイキンコウギョウ,スゴ暖（Dシリーズ）,AN253ADS
ダイキンコウギョウ,AXシリーズ,S403ATAV
ダイキンコウギョウ,AXシリーズ,S403ATAP
ダイキンコウギョウ,AXシリーズ,S283ATAS
ダイキンコウギョウ,AXシリーズ,S253ATAS
ダイキンコウギョウ,AXシリーズ,S223ATAS
ダイキンコウギョウ,スゴ暖（DXシリーズ）,S403ATDV
ダイキンコウギョウ,スゴ暖（DXシリーズ）,S403ATDP
ダイキンコウギョウ,スゴ暖（DXシリーズ）,S283ATDV
ダイキンコウギョウ,スゴ暖（DXシリーズ）,S283ATDP
ダイキンコウギョウ,スゴ暖（DXシリーズ）,S253ATDS
ダイキンコウギョウ,Aシリーズ,AN223AAS
ダイキンコウギョウ,Aシリーズ,AN253AAS
ダイキンコウギョウ,Aシリーズ,AN283AAS
ダイキンコウギョウ,Aシリーズ,AN403AAP
ダイキンコウギョウ,うるさらX,S223ATRS
ダイキンコウギョウ,うるさらX,S253ATRS
ダイキンコウギョウ,うるさらX,S283ATRS
ダイキンコウギョウ,うるさらX,S403ATRP
ダイキンコウギョウ,うるさらX,S403ATRV
ダイキンコウギョウ,うるさらX,AN223ARS
ダイキンコウギョウ,うるさらX,AN253ARS
ダイキンコウギョウ,Aシリーズ,AN283AASK-W
ダイキンコウギョウ,Aシリーズ,AN253AASK-W
ダイキンコウギョウ,Aシリーズ,AN223AABKSW
ダイキンコウギョウ,Aシリーズ,AN253AABKSW
ダイキンコウギョウ,Aシリーズ,AN283AABKSW
ダイキンコウギョウ,Aシリーズ,AN403AABKPW
ダイキンコウギョウ,うるさらX,ATR22ASE3-W
ダイキンコウギョウ,うるさらX,ATR25ASE3-W
ダイキンコウギョウ,うるさらX,ATR28ASE3-W
ダイキンコウギョウ,うるさらX,ATR40APE3-W
ダイキンコウギョウ,Aシリーズ,ATA22ASE3-W
ダイキンコウギョウ,Aシリーズ,ATA25ASE3-W
ダイキンコウギョウ,Aシリーズ,ATA28ASE3-W
ダイキンコウギョウ,Aシリーズ,ATA40APE3-W
ダイキンコウギョウ,うるさらX,AN403ARP
ダイキンコウギョウ,うるさらX,AN223ARSK-W
ダイキンコウギョウ,うるさらX,AN253ARSK-W
ダイキンコウギョウ,うるさらX,AN283ARSK-W
ダイキンコウギョウ,うるさらX,AN403ARPK-W
ダイキンコウギョウ,うるさらX,AN223ARBKSW
ダイキンコウギョウ,うるさらX,AN253ARBKSW
ダイキンコウギョウ,うるさらX,AN283ARBKSW
ダイキンコウギョウ,うるさらX,AN403ARBKPW
ダイキンコウギョウ,Aシリーズ,AN223AASK-W
ダイキンコウギョウ,Aシリーズ,AN403AAPK-W
ダイキンコウギョウ,うるさらＸ（ＲXシリーズ）,S224ATRS
ダイキンコウギョウ,うるさらＸ（ＲXシリーズ）,S254ATRS
ダイキンコウギョウ,うるさらＸ（ＲXシリーズ）,S284ATRS
ダイキンコウギョウ,うるさらＸ（ＲXシリーズ）,S364ATRS
ダイキンコウギョウ,うるさらＸ（ＲXシリーズ）,S404ATRP
ダイキンコウギョウ,うるさらＸ（ＲXシリーズ）,S404ATRV
ダイキンコウギョウ,AXシリーズ,S224ATAS
ダイキンコウギョウ,AXシリーズ,S254ATAS
ダイキンコウギョウ,AXシリーズ,S284ATAS
ダイキンコウギョウ,AXシリーズ,S364ATAS
ダイキンコウギョウ,AXシリーズ,S404ATAP
ダイキンコウギョウ,AXシリーズ,S404ATAV
ダイキンコウギョウ,うるさらＸ（Ｒシリーズ）,AN224ARS
ダイキンコウギョウ,うるさらＸ（Ｒシリーズ）,AN254ARS
ダイキンコウギョウ,うるさらＸ（Ｒシリーズ）,AN284ARS
ダイキンコウギョウ,うるさらＸ（Ｒシリーズ）,AN364ARS
ダイキンコウギョウ,うるさらＸ（Ｒシリーズ）,AN404ARP
ダイキンコウギョウ,Aシリーズ,AN224AAS
ダイキンコウギョウ,Aシリーズ,AN254AAS
ダイキンコウギョウ,Aシリーズ,AN284AAS
ダイキンコウギョウ,Aシリーズ,AN364AAS
ダイキンコウギョウ,Aシリーズ,AN404AAP
ダイキンコウギョウ,スゴ暖（DXシリーズ）,S254ATDS
ダイキンコウギョウ,スゴ暖（DXシリーズ）,S284ATDP
ダイキンコウギョウ,スゴ暖（DXシリーズ）,S284ATDV
ダイキンコウギョウ,スゴ暖（DXシリーズ）,S404ATDP
ダイキンコウギョウ,スゴ暖（DXシリーズ）,S404ATDV
ダイキンコウギョウ,スゴ暖（Dシリーズ）,AN254ADS
ダイキンコウギョウ,スゴ暖（Dシリーズ）,AN284ADP
ダイキンコウギョウ,スゴ暖（Dシリーズ）,AN404ADP
ダイキンコウギョウ,うるさらＸ（Ｒシリーズ）,ATR22ASE4-W
ダイキンコウギョウ,うるさらＸ（Ｒシリーズ）,ATR25ASE4-W
ダイキンコウギョウ,うるさらＸ（Ｒシリーズ）,ATR28ASE4-W
ダイキンコウギョウ,うるさらＸ（Ｒシリーズ）,ATR36ASE4-W
ダイキンコウギョウ,うるさらＸ（Ｒシリーズ）,ATR40APE4-W
ダイキンコウギョウ,うるさらＸ（Ｒシリーズ）,AN224ARSK-W
ダイキンコウギョウ,うるさらＸ（Ｒシリーズ）,AN254ARSK-W
ダイキンコウギョウ,うるさらＸ（Ｒシリーズ）,AN284ARSK-W
ダイキンコウギョウ,うるさらＸ（Ｒシリーズ）,AN364ARSK-W
ダイキンコウギョウ,うるさらＸ（Ｒシリーズ）,AN404ARPK-W
ダイキンコウギョウ,うるさらＸ（Ｒシリーズ）,AN224ARBKSW
ダイキンコウギョウ,うるさらＸ（Ｒシリーズ）,AN254ARBKSW
ダイキンコウギョウ,うるさらＸ（Ｒシリーズ）,AN284ARBKSW
ダイキンコウギョウ,うるさらＸ（Ｒシリーズ）,AN364ARBKSW
ダイキンコウギョウ,うるさらＸ（Ｒシリーズ）,AN404ARBKPW
ダイキンコウギョウ,Aシリーズ,AN224AASK-W
ダイキンコウギョウ,Aシリーズ,AN254AASK-W
ダイキンコウギョウ,Aシリーズ,AN284AASK-W
ダイキンコウギョウ,Aシリーズ,AN364AASK-W
ダイキンコウギョウ,Aシリーズ,AN404AAPK-W
ダイキンコウギョウ,Aシリーズ,AN224AABKSW
ダイキンコウギョウ,Aシリーズ,AN254AABKSW
ダイキンコウギョウ,Aシリーズ,AN284AABKSW
ダイキンコウギョウ,Aシリーズ,AN364AABKSW
ダイキンコウギョウ,Aシリーズ,AN404AABKPW
ダイキンコウギョウ,Aシリーズ,ATA36ASE4-W
ダイキンコウギョウ,Aシリーズ,ATA40APE4-W
ダイキンコウギョウ,Aシリーズ,ATA22ASE4-W
ダイキンコウギョウ,Aシリーズ,ATA25ASE4-W
ダイキンコウギョウ,Aシリーズ,ATA28ASE4-W
ダイキンコウギョウ,GXシリーズ,S224ATGS
ダイキンコウギョウ,GXシリーズ,S284ATGS
ダイキンコウギョウ,GXシリーズ,S404ATGP
ダイキンコウギョウ,GXシリーズ,S404ATGV
ダイキンコウギョウ,うるさらX（RXシリーズ）,S225ATRS
ダイキンコウギョウ,うるさらX（RXシリーズ）,S255ATRS
ダイキンコウギョウ,うるさらX（RXシリーズ）,S285ATRS
ダイキンコウギョウ,うるさらX（RXシリーズ）,S365ATRS
ダイキンコウギョウ,うるさらX（RXシリーズ）,S405ATRP
ダイキンコウギョウ,うるさらX（RXシリーズ）,S405ATRV
ダイキンコウギョウ,AXシリーズ,S225ATAS
ダイキンコウギョウ,AXシリーズ,S255ATAS
ダイキンコウギョウ,AXシリーズ,S285ATAS
ダイキンコウギョウ,AXシリーズ,S365ATAS
ダイキンコウギョウ,AXシリーズ,S405ATAP
ダイキンコウギョウ,AXシリーズ,S405ATAV
ダイキンコウギョウ,スゴ暖（DXシリーズ）,S255ATDS
ダイキンコウギョウ,スゴ暖（DXシリーズ）,S285ATDP
ダイキンコウギョウ,スゴ暖（DXシリーズ）,S285ATDV
ダイキンコウギョウ,スゴ暖（DXシリーズ）,S405ATDP
ダイキンコウギョウ,スゴ暖（DXシリーズ）,S405ATDV
ダイキンコウギョウ,うるさらX（Rシリーズ）,AN225ARS
ダイキンコウギョウ,うるさらX（Rシリーズ）,AN255ARS
ダイキンコウギョウ,うるさらX（Rシリーズ）,AN285ARS
ダイキンコウギョウ,うるさらX（Rシリーズ）,AN365ARS
ダイキンコウギョウ,うるさらX（Rシリーズ）,AN405ARP
ダイキンコウギョウ,Aシリーズ,AN225AAS
ダイキンコウギョウ,Aシリーズ,AN255AAS
ダイキンコウギョウ,Aシリーズ,AN285AAS
ダイキンコウギョウ,Aシリーズ,AN365AAS
ダイキンコウギョウ,Aシリーズ,AN405AAP
ダイキンコウギョウ,スゴ暖（Dシリーズ）,AN255ADS
ダイキンコウギョウ,スゴ暖（Dシリーズ）,AN285ADP
ダイキンコウギョウ,スゴ暖（Dシリーズ）,AN405ADP
ダイキンコウギョウ,うるさらX（Rシリーズ）,ATR22ASE5-W
ダイキンコウギョウ,うるさらX（Rシリーズ）,ATR25ASE5-W
ダイキンコウギョウ,うるさらX（Rシリーズ）,ATR28ASE5-W
ダイキンコウギョウ,うるさらX（Rシリーズ）,ATR36ASE5-W
ダイキンコウギョウ,うるさらX（Rシリーズ）,ATR40APE5-W
ダイキンコウギョウ,うるさらX（Rシリーズ）,AN225ARSK-W
ダイキンコウギョウ,うるさらX（Rシリーズ）,AN255ARSK-W
ダイキンコウギョウ,うるさらX（Rシリーズ）,AN285ARSK-W
ダイキンコウギョウ,うるさらX（Rシリーズ）,AN365ARSK-W
ダイキンコウギョウ,うるさらX（Rシリーズ）,AN405ARPK-W
ダイキンコウギョウ,うるさらX（Rシリーズ）,AN225ARBKSW
ダイキンコウギョウ,うるさらX（Rシリーズ）,AN255ARBKSW
ダイキンコウギョウ,うるさらX（Rシリーズ）,AN285ARBKSW
ダイキンコウギョウ,うるさらX（Rシリーズ）,AN365ARBKSW
ダイキンコウギョウ,うるさらX（Rシリーズ）,AN405ARBKPW
ダイキンコウギョウ,Aシリーズ,ATA22ASE5-W
ダイキンコウギョウ,Aシリーズ,ATA25ASE5-W
ダイキンコウギョウ,Aシリーズ,ATA28ASE5-W
ダイキンコウギョウ,Aシリーズ,ATA36ASE5-W
ダイキンコウギョウ,Aシリーズ,ATA40APE5-W
ダイキンコウギョウ,Aシリーズ,AN225AASK-W
ダイキンコウギョウ,Aシリーズ,AN255AASK-W
ダイキンコウギョウ,Aシリーズ,AN285AASK-W
ダイキンコウギョウ,Aシリーズ,AN365AASK-W
ダイキンコウギョウ,Aシリーズ,AN405AAPK-W
ダイキンコウギョウ,Aシリーズ,AN225AABKSW
ダイキンコウギョウ,Aシリーズ,AN255AABKSW
ダイキンコウギョウ,Aシリーズ,AN285AABKSW
ダイキンコウギョウ,Aシリーズ,AN365AABKSW
ダイキンコウギョウ,Aシリーズ,AN405AABKPW
ダイキンコウギョウ,うるさらＸ（Ｒシリーズ）,AN28ZRS-W
ダイキンコウギョウ,AXシリーズ,S25ZTAXS
ダイキンコウギョウ,うるさらX,AN25ZRBKS-W
ダイキンコウギョウ,うるさらX（RXシリーズ）,S226ATRS
ダイキンコウギョウ,うるさらX（RXシリーズ）,S256ATRS
ダイキンコウギョウ,うるさらX（RXシリーズ）,S286ATRS
ダイキンコウギョウ,うるさらX（RXシリーズ）,S366ATRS
ダイキンコウギョウ,うるさらX（RXシリーズ）,S406ATRP
ダイキンコウギョウ,うるさらX（RXシリーズ）,S406ATRS
ダイキンコウギョウ,うるさらX（RXシリーズ）,S406ATRV
ダイキンコウギョウ,うるさらX（RXシリーズ）,S566ATRP
ダイキンコウギョウ,うるさらX（RXシリーズ）,S566ATRV
ダイキンコウギョウ,スゴ暖（DXシリーズ）,S256ATDS
ダイキンコウギョウ,スゴ暖（DXシリーズ）,S286ATDP
ダイキンコウギョウ,スゴ暖（DXシリーズ）,S286ATDV
ダイキンコウギョウ,スゴ暖（DXシリーズ）,S406ATDP
ダイキンコウギョウ,スゴ暖（DXシリーズ）,S406ATDV
ダイキンコウギョウ,AXシリーズ,S226ATAS
ダイキンコウギョウ,AXシリーズ,S256ATAS
ダイキンコウギョウ,AXシリーズ,S286ATAS
ダイキンコウギョウ,AXシリーズ,S366ATAS
ダイキンコウギョウ,AXシリーズ,S406ATAP
ダイキンコウギョウ,AXシリーズ,S406ATAS
ダイキンコウギョウ,AXシリーズ,S406ATAV
ダイキンコウギョウ,AXシリーズ,S566ATAP
ダイキンコウギョウ,AXシリーズ,S566ATAV
ダイキンコウギョウ,うるさらX（Rシリーズ）,AN226ARS
ダイキンコウギョウ,うるさらX（Rシリーズ）,AN256ARS
ダイキンコウギョウ,うるさらX（Rシリーズ）,AN286ARS
ダイキンコウギョウ,うるさらX（Rシリーズ）,AN366ARS
ダイキンコウギョウ,うるさらX（Rシリーズ）,AN406ARP
ダイキンコウギョウ,うるさらX（Rシリーズ）,AN406ARS
ダイキンコウギョウ,うるさらX（Rシリーズ）,AN566ARP
ダイキンコウギョウ,AXシリーズ,AN226AAS
ダイキンコウギョウ,AXシリーズ,AN256AAS
ダイキンコウギョウ,AXシリーズ,AN286AAS
ダイキンコウギョウ,AXシリーズ,AN366AAS
ダイキンコウギョウ,AXシリーズ,AN406AAP
ダイキンコウギョウ,AXシリーズ,AN566AAP
ダイキンコウギョウ,スゴ暖（Dシリーズ）,AN256ADS
ダイキンコウギョウ,スゴ暖（Dシリーズ）,AN286ADP
ダイキンコウギョウ,スゴ暖（Dシリーズ）,AN406ADP
ダイキンコウギョウ,うるさらX（Rシリーズ）,ATR22ASE6-W
ダイキンコウギョウ,うるさらX（Rシリーズ）,ATR25ASE6-W
ダイキンコウギョウ,うるさらX（Rシリーズ）,ATR28ASE6-W
ダイキンコウギョウ,うるさらX（Rシリーズ）,ATR36ASE6-W
ダイキンコウギョウ,うるさらX（Rシリーズ）,ATR40APE6-W
ダイキンコウギョウ,うるさらX（Rシリーズ）,ATR56APE6-W
ダイキンコウギョウ,うるさらX（Rシリーズ）,AN226ARSK-W
ダイキンコウギョウ,うるさらX（Rシリーズ）,AN256ARSK-W
ダイキンコウギョウ,うるさらX（Rシリーズ）,AN286ARSK-W
ダイキンコウギョウ,うるさらX（Rシリーズ）,AN366ARSK-W
ダイキンコウギョウ,うるさらX（Rシリーズ）,AN406ARPK-W
ダイキンコウギョウ,うるさらX（Rシリーズ）,AN566ARPK-W
ダイキンコウギョウ,AXシリーズ,ATA22ASE6-W
ダイキンコウギョウ,AXシリーズ,ATA25ASE6-W
ダイキンコウギョウ,AXシリーズ,ATA28ASE6-W
ダイキンコウギョウ,AXシリーズ,ATA36ASE6-W
ダイキンコウギョウ,AXシリーズ,ATA40APE6-W
ダイキンコウギョウ,AXシリーズ,ATA56APE6-W
ダイキンコウギョウ,AXシリーズ,AN226AASK-W
ダイキンコウギョウ,AXシリーズ,AN256AASK-W
ダイキンコウギョウ,AXシリーズ,AN286AASK-W
ダイキンコウギョウ,AXシリーズ,AN366AASK-W
ダイキンコウギョウ,AXシリーズ,AN406AAPK-W
ダイキンコウギョウ,AXシリーズ,AN566AAPK-W
トウシバ,大清快,RAS-K221DR
トウシバ,大清快,RAS-K251DR
トウシバ,大清快,RAS-K281DR
トウシバ,大清快,RAS-K402DR
トウシバ,大清快,RAS-K402DRH
トウシバ,大清快,RAS-K251E3DR
トウシバ,大清快,RAS-K281E3DR
トウシバ,大清快,RAS-K402E3DR
トウシバ,大清快,RAS-K221DRKS
トウシバ,大清快,RAS-K251DRKS
トウシバ,大清快,RAS-K281DRKS
トウシバ,大清快,RAS-K402DRKS
トウシバ,大清快,RAS-K221DRBK
トウシバ,大清快,RAS-K251DRBK
トウシバ,大清快,RAS-K281DRBK
トウシバ,大清快,RAS-K402DRBK
トウシバ,大清快,RAS-K221DRS
トウシバ,大清快,RAS-K251DRS
トウシバ,大清快,RAS-K281DRS
トウシバ,大清快,RAS-K402DRS
トウシバ,大清快,RAS-K221DRH
トウシバ,大清快,RAS-K251DRH
トウシバ,大清快,RAS-K281DRH
トウシバ,大清快,RAS-K221E3DR
トウシバ,大清快,RAS-K221DZ
トウシバ,大清快,RAS-K251DZ
トウシバ,大清快,RAS-K221E3DZ
トウシバ,大清快,RAS-K251E3DZ
トウシバ,大清快,RAS-K221DZKS
トウシバ,大清快,RAS-K251DZKS
トウシバ,大清快,RAS-N221DR
トウシバ,大清快,RAS-N251DR
トウシバ,大清快,RAS-N281DR
トウシバ,大清快,RAS-N361DR
トウシバ,大清快,RAS-N402DR
トウシバ,大清快,RAS-N221DRH
トウシバ,大清快,RAS-N251DRH
トウシバ,大清快,RAS-N281DRH
トウシバ,大清快,RAS-N361DRH
トウシバ,大清快,RAS-N402DRH
トウシバ,大清快,RAS-N221DRS
トウシバ,大清快,RAS-N251DRS
トウシバ,大清快,RAS-N281DRS
トウシバ,大清快,RAS-N361DRS
トウシバ,大清快,RAS-N402DRS
トウシバ,大清快,RAS-N221DRKS
トウシバ,大清快,RAS-N251DRKS
トウシバ,大清快,RAS-N281DRKS
トウシバ,大清快,RAS-N361DRKS
トウシバ,大清快,RAS-N402DRKS
トウシバ,大清快,RAS-N221DRBK
トウシバ,大清快,RAS-N251DRBK
トウシバ,大清快,RAS-N281DRBK
トウシバ,大清快,RAS-N361DRBK
トウシバ,大清快,RAS-N402DRBK
トウシバ,大清快,RAS-N221DRZ
トウシバ,大清快,RAS-N251DRZ
トウシバ,大清快,RAS-N281DRZ
トウシバ,大清快,RAS-N402DRZ
トウシバ,大清快,RAS-N221E4DRZ
トウシバ,大清快,RAS-N251E4DRZ
トウシバ,大清快,RAS-N281E4DRZ
トウシバ,大清快,RAS-N402E4DRZ
トウシバ,大清快,RAS-N221E4DR
トウシバ,大清快,RAS-N251E4DR
トウシバ,大清快,RAS-N281E4DR
トウシバ,大清快,RAS-N361E4DR
トウシバ,大清快,RAS-N402E4DR
トウシバ,大清快,RAS-N221DZ
トウシバ,大清快,RAS-N251DZ
トウシバ,大清快,RAS-N221DZKS
トウシバ,大清快,RAS-N251DZKS
トウシバ,大清快,RAS-U221DR
トウシバ,大清快,RAS-U251DR
トウシバ,大清快,RAS-U281DR
トウシバ,大清快,RAS-U361DR
トウシバ,大清快,RAS-U402DR
トウシバ,大清快,RAS-U221DRS
トウシバ,大清快,RAS-U251DRS
トウシバ,大清快,RAS-U281DRS
トウシバ,大清快,RAS-U361DRS
トウシバ,大清快,RAS-U402DRS
トウシバ,大清快,RAS-U221DRKS
トウシバ,大清快,RAS-U251DRKS
トウシバ,大清快,RAS-U281DRKS
トウシバ,大清快,RAS-U361DRKS
トウシバ,大清快,RAS-U402DRKS
トウシバ,大清快,RAS-U221E5DR
トウシバ,大清快,RAS-U251E5DR
トウシバ,大清快,RAS-U281E5DR
トウシバ,大清快,RAS-U361E5DR
トウシバ,大清快,RAS-U402E5DR
トウシバ,大清快,RAS-J221DT
トウシバ,大清快,RAS-J251DT
トウシバ,大清快,RAS-J221E1DT
トウシバ,大清快,RAS-J251E1DT
トウシバ,大清快,RAS-J221DTKS
トウシバ,大清快,RAS-J251DTKS
トウシバ,大清快,RAS-J221DTBK
トウシバ,大清快,RAS-J251DTBK
トウシバ,大清快,RAS-F225DR
トウシバ,大清快,RAS-F255DR
トウシバ,大清快,RAS-F285DR
トウシバ,大清快,RAS-F406DR
トウシバ,大清快,RAS-F225DRS
トウシバ,大清快,RAS-F255DRS
トウシバ,大清快,RAS-F285DRS
トウシバ,大清快,RAS-F406DRS
トウシバ,大清快,RAS-F225DRH
トウシバ,大清快,RAS-F255DRH
トウシバ,大清快,RAS-F285DRH
トウシバ,大清快,RAS-F406DRH
トウシバ,大清快,RAS-H225DR
トウシバ,大清快,RAS-H255DR
トウシバ,大清快,RAS-H285DR
トウシバ,大清快,RAS-H406DR
トウシバ,大清快,RAS-H225DRH
トウシバ,大清快,RAS-H255DRH
トウシバ,大清快,RAS-H285DRH
トウシバ,大清快,RAS-H406DRH
トウシバ,大清快,RAS-H221DT
トウシバ,大清快,RAS-H251DT
トウシバ,大清快,RAS-H221E9DT
トウシバ,大清快,RAS-H251E9DT
トウシバ,大清快,RAS-H221DTKS
トウシバ,大清快,RAS-H251DTKS
トウシバ,大清快,RAS-H221DTBK
トウシバ,大清快,RAS-H251DTBK
トウシバ,大清快,RAS-U221DZ
トウシバ,大清快,RAS-U251DZ
トウシバ,大清快,RAS-U221DZKS
トウシバ,大清快,RAS-U251DZKS
トウシバ,大清快,RAS-U221E5DZ
トウシバ,大清快,RAS-U251E5DZ
トウシバ,ルームエアコン,RAS-E221C5S
トウシバ,ルームエアコン,RAS-E251C5S
トウシバ,ルームエアコン,RAS-E281C5S
トウシバ,大清快,RAS-V221DR
トウシバ,大清快,RAS-V251DR
トウシバ,大清快,RAS-V281DR
トウシバ,大清快,RAS-V361DR
トウシバ,大清快,RAS-V402DR
トウシバ,大清快,RAS-V221DRS
トウシバ,大清快,RAS-V251DRS
トウシバ,大清快,RAS-V281DRS
トウシバ,大清快,RAS-V361DRS
トウシバ,大清快,RAS-V402DRS
トウシバ,大清快,RAS-V221DRKS
トウシバ,大清快,RAS-V251DRKS
トウシバ,大清快,RAS-V281DRKS
トウシバ,大清快,RAS-V361DRKS
トウシバ,大清快,RAS-V402DRKS
トウシバ,大清快,RAS-V221E6DR
トウシバ,大清快,RAS-V251E6DR
トウシバ,大清快,RAS-V281E6DR
トウシバ,大清快,RAS-V361E6DR
トウシバ,大清快,RAS-V402E6DR
トウシバ,あったか大清快,RAS-282DRNU
トウシバ,あったか大清快,RAS-402DRNU
ニトリ,ルームエアコン,NL-22G-W
パナソニック,エオリア,CS-LX223D
パナソニック,エオリア,CS-LX253D
パナソニック,エオリア,CS-LX283D
パナソニック,エオリア,CS-LX363D
パナソニック,エオリア,CS-LX403D2
パナソニック,エオリア,CS-223DLX
パナソニック,エオリア,CS-253DLX
パナソニック,エオリア,CS-283DLX
パナソニック,エオリア,CS-363DLX
パナソニック,エオリア,CS-403DLX2
パナソニック,エオリア,CS-XS223D
パナソニック,エオリア,CS-XS253D
パナソニック,エオリア,CS-XS283D
パナソニック,エオリア,CS-XS283D2
パナソニック,エオリア,CS-XS363D
パナソニック,エオリア,CS-XS363D2
パナソニック,エオリア,CS-XS403D2
パナソニック,エオリア,CS-X223D
パナソニック,エオリア,CS-X253D
パナソニック,エオリア,CS-X283D
パナソニック,エオリア,CS-X363D
パナソニック,エオリア,CS-X403D2
パナソニック,エオリア,CS-223DHX
パナソニック,エオリア,CS-253DHX
パナソニック,エオリア,CS-283DHX
パナソニック,エオリア,CS-283DHX2
パナソニック,エオリア,CS-363DHX
パナソニック,エオリア,CS-363DHX2
パナソニック,エオリア,CS-403DHX2
パナソニック,エオリア,CS-X223DZ
パナソニック,エオリア,CS-X253DZ
パナソニック,エオリア,CS-X283DZ
パナソニック,エオリア,CS-X403D2Z
パナソニック,エオリア,CS-223DHE
パナソニック,エオリア,CS-253DHE
パナソニック,エオリア,CS-283DHE
パナソニック,エオリア,CS-283DH2E
パナソニック,エオリア,CS-363DHE
パナソニック,エオリア,CS-363DH2E
パナソニック,エオリア,CS-403DH2E
パナソニック,エオリア,CS-UX284D2-W
パナソニック,エオリア,CS-UX404D2-W
パナソニック,エオリア,CS-XS224D-W
パナソニック,エオリア,CS-XS224D-C
パナソニック,エオリア,CS-XS254D-W
パナソニック,エオリア,CS-XS254D-C
パナソニック,エオリア,CS-XS284D-W
パナソニック,エオリア,CS-XS284D-C
パナソニック,エオリア,CS-XS284D2-W
パナソニック,エオリア,CS-XS284D2-C
パナソニック,エオリア,CS-XS364D-W
パナソニック,エオリア,CS-XS364D-C
パナソニック,エオリア,CS-284DHX2-C
パナソニック,エオリア,CS-364DHX-W
パナソニック,エオリア,CS-364DHX-C
パナソニック,エオリア,CS-XS364D2-W
パナソニック,エオリア,CS-XS364D2-C
パナソニック,エオリア,CS-XS404D2-W
パナソニック,エオリア,CS-XS404D2-C
パナソニック,エオリア,CS-224DHX-W
パナソニック,エオリア,CS-224DHX-C
パナソニック,エオリア,CS-254DHX-W
パナソニック,エオリア,CS-254DHX-C
パナソニック,エオリア,CS-284DHX-W
パナソニック,エオリア,CS-284DHX-C
パナソニック,エオリア,CS-284DHX2-W
パナソニック,エオリア,CS-364DHX2-W
パナソニック,エオリア,CS-364DHX2-C
パナソニック,エオリア,CS-404DHX2-W
パナソニック,エオリア,CS-404DHX2-C
パナソニック,エオリア,CS-X224DZ-W
パナソニック,エオリア,CS-X254DZ-W
パナソニック,エオリア,CS-X284DZ-W
パナソニック,エオリア,CS-X404D2Z-W
パナソニック,エオリア,CS-224DHE-W
パナソニック,エオリア,CS-254DHE-W
パナソニック,エオリア,CS-284DHE-W
パナソニック,エオリア,CS-284DH2E-W
パナソニック,エオリア,CS-364DHE-W
パナソニック,エオリア,CS-364DH2E-W
パナソニック,エオリア,CS-404DH2E-W
パナソニック,エオリア,CS-X224D
パナソニック,エオリア,CS-X254D
パナソニック,エオリア,CS-X284D
パナソニック,エオリア,CS-X364D
パナソニック,エオリア,CS-X404D2
パナソニック,エオリア,CS-224DLX
パナソニック,エオリア,CS-254DLX
パナソニック,エオリア,CS-284DLX
パナソニック,エオリア,CS-364DLX
パナソニック,エオリア,CS-404DLX2
パナソニック,エオリア,CS-LX224D
パナソニック,エオリア,CS-LX254D
パナソニック,エオリア,CS-LX284D
パナソニック,エオリア,CS-LX364D
パナソニック,エオリア,CS-LX404D2
パナソニック,エオリア,CS-UX285D2-W
パナソニック,エオリア,CS-UX405D2-W
パナソニック,エオリア,CS-LX562D2-W
パナソニック,エオリア,CS-LX402D2-W
パナソニック,エオリア,CS-LX362D-W
パナソニック,エオリア,CS-LX282D-W
パナソニック,エオリア,CS-LX252D-W
パナソニック,エオリア,CS-LX222D-W
パナソニック,エオリア,CS-X562D2-W
パナソニック,エオリア,CS-X402D2-W
パナソニック,エオリア,CS-X362D-W
パナソニック,エオリア,CS-X282D-W
パナソニック,エオリア,CS-X252D-W
パナソニック,エオリア,CS-X222D-W
パナソニック,フル暖エオリア,CS-UX402D2-W
パナソニック,フル暖エオリア,CS-UX282D2-W
パナソニック,エオリア,CS-X562D2Z-W
パナソニック,エオリア,CS-X402D2Z-W
パナソニック,エオリア,CS-X282DZ-W
パナソニック,エオリア,CS-X252DZ-W
パナソニック,エオリア,CS-X222DZ-W
パナソニック,エオリア,CS-XS562D2-W
パナソニック,エオリア,CS-XS402D2-W
パナソニック,エオリア,CS-XS362D2-W
パナソニック,エオリア,CS-XS362D-W
パナソニック,エオリア,CS-XS282D2-W
パナソニック,エオリア,CS-XS282D-W
パナソニック,エオリア,CS-XS252D-W
パナソニック,エオリア,CS-XS222D-W
パナソニック,エオリア,CS-402DV2E1
パナソニック,エオリア,CS-282DVE1
パナソニック,エオリア,CS-252DVE1
パナソニック,エオリア,CS-222DVE1
パナソニック,エオリア,CS-562DLX2-W
パナソニック,エオリア,CS-402DLX2-W
パナソニック,エオリア,CS-362DLX-W
パナソニック,エオリア,CS-282DLX-W
パナソニック,エオリア,CS-252DLX-W
パナソニック,エオリア,CS-222DLX-W
パナソニック,エオリア,CS-562DX2-W
パナソニック,エオリア,CS-402DX2-W
パナソニック,エオリア,CS-362DX2-W
パナソニック,エオリア,CS-362DX-W
パナソニック,エオリア,CS-282DX2-W
パナソニック,エオリア,CS-282DX-W
パナソニック,エオリア,CS-252DX-W
パナソニック,エオリア,CS-222DX-W
パナソニック,エオリア,CS-562DX2-C
パナソニック,エオリア,CS-402DX2-C
パナソニック,エオリア,CS-362DX2-C
パナソニック,エオリア,CS-362DX-C
パナソニック,エオリア,CS-282DX2-C
パナソニック,エオリア,CS-282DX-C
パナソニック,エオリア,CS-252DX-C
パナソニック,エオリア,CS-222DX-C
パナソニック,フル暖エオリア,CS-UX403D2-W
パナソニック,フル暖エオリア,CS-UX283D2-W
パナソニック,エオリア,CS-225DHX-W
パナソニック,エオリア,CS-255DHX-W
パナソニック,エオリア,CS-285DHX-W
パナソニック,エオリア,CS-285DHX2-W
パナソニック,エオリア,CS-365DHX-W
パナソニック,エオリア,CS-365DHX2-W
パナソニック,エオリア,CS-405DHX2-W
パナソニック,エオリア,CS-225DHX-C
パナソニック,エオリア,CS-255DHX-C
パナソニック,エオリア,CS-285DHX-C
パナソニック,エオリア,CS-285DHX2-C
パナソニック,エオリア,CS-365DHX-C
パナソニック,エオリア,CS-365DHX2-C
パナソニック,エオリア,CS-405DHX2-C
パナソニック,エオリア,CS-XS225D-W
パナソニック,エオリア,CS-XS255D-W
パナソニック,エオリア,CS-XS285D-W
パナソニック,エオリア,CS-XS285D2-W
パナソニック,エオリア,CS-XS365D-W
パナソニック,エオリア,CS-XS365D2-W
パナソニック,エオリア,CS-XS405D2-W
パナソニック,エオリア,CS-XS225D-C
パナソニック,エオリア,CS-XS255D-C
パナソニック,エオリア,CS-XS285D-C
パナソニック,エオリア,CS-XS285D2-C
パナソニック,エオリア,CS-XS365D-C
パナソニック,エオリア,CS-XS365D2-C
パナソニック,エオリア,CS-XS405D2-C
パナソニック,エオリア,CS-225DHE-W
パナソニック,エオリア,CS-255DHE-W
パナソニック,エオリア,CS-285DHE-W
パナソニック,エオリア,CS-285DH2E-W
パナソニック,エオリア,CS-365DHE-W
パナソニック,エオリア,CS-365DH2E-W
パナソニック,エオリア,CS-405DH2E-W
パナソニック,エオリア,CS-X225DZ-W
パナソニック,エオリア,CS-X255DZ-W
パナソニック,エオリア,CS-X285DZ-W
パナソニック,エオリア,CS-X405D2Z-W
パナソニック,エオリア,CS-X225D-W
パナソニック,エオリア,CS-X255D-W
パナソニック,エオリア,CS-X285D-W
パナソニック,エオリア,CS-X365D-W
パナソニック,エオリア,CS-X405D2-W
パナソニック,エオリア,CS-X220D-W
パナソニック,エオリア,CS-X250D-W
パナソニック,エオリア,CS-X280D-W
パナソニック,エオリア,CS-X360D-W
パナソニック,エオリア,CS-X400D2-W
パナソニック,エオリア,CS-X560D2-W
パナソニック,エオリア,CS-XS220D-W
パナソニック,エオリア,CS-XS250D-W
パナソニック,エオリア,CS-XS280D-W
パナソニック,エオリア,CS-XS280D2-W
パナソニック,エオリア,CS-XS360D-W
パナソニック,エオリア,CS-XS360D2-W
パナソニック,エオリア,CS-XS400D2-W
パナソニック,エオリア,CS-XS560D2-W
パナソニック,エオリア,CS-X221D-W
パナソニック,エオリア,CS-X251D-W
パナソニック,エオリア,CS-X281D-W
パナソニック,エオリア,CS-X361D-W
パナソニック,エオリア,CS-X401D2-W
パナソニック,エオリア,CS-X561D2-W
パナソニック,エオリア,CS-XS221D-W
パナソニック,エオリア,CS-XS251D-W
パナソニック,エオリア,CS-XS281D-W
パナソニック,エオリア,CS-XS281D2-W
パナソニック,エオリア,CS-XS361D-W
パナソニック,エオリア,CS-XS361D2-W
パナソニック,エオリア,CS-XS401D2-W
パナソニック,エオリア,CS-XS221D-C
パナソニック,エオリア,CS-XS251D-C
パナソニック,エオリア,CS-XS281D-C
パナソニック,エオリア,CS-XS281D2-C
パナソニック,エオリア,CS-XS361D-C
パナソニック,エオリア,CS-XS361D2-C
パナソニック,エオリア,CS-XS401D2-C
パナソニック,フル暖エオリア,CS-UX286D2-W
パナソニック,フル暖エオリア,CS-UX406D2-W
パナソニック,フル暖エオリア,CS-286DUX2-W
パナソニック,フル暖エオリア,CS-406DUX2-W
パナソニック,エオリア,CS-226DHX-W
パナソニック,エオリア,CS-256DHX-W
パナソニック,エオリア,CS-286DHX-W
パナソニック,エオリア,CS-286DHX2-W
パナソニック,エオリア,CS-366DHX-W
パナソニック,エオリア,CS-366DHX2-W
パナソニック,エオリア,CS-406DHX2-W
パナソニック,エオリア,CS-226DHX-C
パナソニック,エオリア,CS-256DHX-C
パナソニック,エオリア,CS-286DHX-C
パナソニック,エオリア,CS-286DHX2-C
パナソニック,エオリア,CS-366DHX-C
パナソニック,エオリア,CS-366DHX2-C
パナソニック,エオリア,CS-406DHX2-C
パナソニック,エオリア,CS-XS226D-W
パナソニック,エオリア,CS-XS256D-W
パナソニック,エオリア,CS-XS286D-W
パナソニック,エオリア,CS-XS286D2-W
パナソニック,エオリア,CS-XS366D-W
パナソニック,エオリア,CS-XS366D2-W
パナソニック,エオリア,CS-XS406D2-W
パナソニック,エオリア,CS-XS226D-C
パナソニック,エオリア,CS-XS256D-C
パナソニック,エオリア,CS-XS286D-C
パナソニック,エオリア,CS-XS286D2-C
パナソニック,エオリア,CS-XS366D-C
パナソニック,エオリア,CS-XS366D2-C
パナソニック,エオリア,CS-XS406D2-C
パナソニック,エオリア,CS-226DHE-W
パナソニック,エオリア,CS-256DHE-W
パナソニック,エオリア,CS-286DHE-W
パナソニック,エオリア,CS-286DH2E-W
パナソニック,エオリア,CS-366DHE-W
パナソニック,エオリア,CS-366DH2E-W
パナソニック,エオリア,CS-406DH2E-W
パナソニック,エオリア,CS-X226DZ-W
パナソニック,エオリア,CS-X256DZ-W
パナソニック,エオリア,CS-X286DZ-W
パナソニック,エオリア,CS-X406D2Z-W
パナソニック,エオリア,CS-X226D-W
パナソニック,エオリア,CS-X256D-W
パナソニック,エオリア,CS-X286D-W
パナソニック,エオリア,CS-X366D-W
パナソニック,エオリア,CS-X406D2-W
パナソニック,エオリア,CS-LV406D2-W
パナソニック,エオリア,CS-406DLV2-W
パナソニック,エオリア,CS-226DC-W
パナソニック,エオリア,CS-256DC-W
パナソニック,エオリア,CS-286DC-W
ヒタチ,白くまくん,RAS-X22N
ヒタチ,白くまくん,RAS-X25N
ヒタチ,白くまくん,RAS-X28N
ヒタチ,白くまくん,RAS-X36N
ヒタチ,白くまくん,RAS-X36N2
ヒタチ,白くまくん,RAS-X40N2
ヒタチ,白くまくん,RAS-XC22N
ヒタチ,白くまくん,RAS-XC25N
ヒタチ,白くまくん,RAS-XC28N
ヒタチ,白くまくん,RAS-XC36N
ヒタチ,白くまくん,RAS-XC36N2
ヒタチ,白くまくん,RAS-XC40N2
ヒタチ,白くまくん,RAS-XJ22N
ヒタチ,白くまくん,RAS-XJ25N
ヒタチ,白くまくん,RAS-XJ28N
ヒタチ,白くまくん,RAS-XJ36N
ヒタチ,白くまくん,RAS-XJ36N2
ヒタチ,白くまくん,RAS-XJ40N2
ヒタチ,白くまくん,RAS-JT22NE3
ヒタチ,白くまくん,RAS-JT25NE3
ヒタチ,白くまくん,RAS-JT28NE3
ヒタチ,白くまくん,RAS-JT36NE3
ヒタチ,白くまくん,RAS-JT40N2E3
ヒタチ,白くまくん,RAS-X22NBK
ヒタチ,白くまくん,RAS-X25NBK
ヒタチ,白くまくん,RAS-X28NBK
ヒタチ,白くまくん,RAS-X36NBK
ヒタチ,白くまくん,RAS-X40N2BK
ヒタチ,白くまくん,RAS-ZJ22N
ヒタチ,白くまくん,RAS-ZJ25N
ヒタチ,白くまくん,RAS-ZJ28N
ヒタチ,白くまくん,RAS-ZJ40N2
ヒタチ,白くまくん,RAS-ZJ22NE
ヒタチ,白くまくん,RAS-ZJ25NE
ヒタチ,白くまくん,RAS-ZJ28NE
ヒタチ,白くまくん,RAS-ZJ40N2E
ヒタチ,白くまくん,RAS-ZJ22NEE
ヒタチ,白くまくん,RAS-ZJ25NEE
ヒタチ,白くまくん,RAS-ZJ28NEE
ヒタチ,白くまくん,RAS-ZJ40N2EE
ヒタチ,白くまくん,RAS-YF28N
ヒタチ,白くまくん,RAS-YF40N2
ヒタチ,白くまくん,RAS-XK25R
ヒタチ,白くまくん,RAS-XK28R2
ヒタチ,白くまくん,RAS-XK40R2
ヒタチ,白くまくん,RAS-X22R
ヒタチ,白くまくん,RAS-X25R
ヒタチ,白くまくん,RAS-X28R
ヒタチ,白くまくん,RAS-X40R2
ヒタチ,白くまくん,RAS-XC22R
ヒタチ,白くまくん,RAS-XC25R
ヒタチ,白くまくん,RAS-XC28R
ヒタチ,白くまくん,RAS-XC36R
ヒタチ,白くまくん,RAS-XC40R2
ヒタチ,白くまくん,RAS-XJ22R
ヒタチ,白くまくん,RAS-XJ25R
ヒタチ,白くまくん,RAS-XJ28R
ヒタチ,白くまくん,RAS-XJ36R
ヒタチ,白くまくん,RAS-XJ40R2
ヒタチ,白くまくん,RAS-JT22RE4
ヒタチ,白くまくん,RAS-JT25RE4
ヒタチ,白くまくん,RAS-JT28RE4
ヒタチ,白くまくん,RAS-JT36RE4
ヒタチ,白くまくん,RAS-JT40R2E4
ヒタチ,白くまくん,RAS-X22RBK
ヒタチ,白くまくん,RAS-X25RBK
ヒタチ,白くまくん,RAS-X28RBK
ヒタチ,白くまくん,RAS-X36RBK
ヒタチ,白くまくん,RAS-X40R2BK
ヒタチ,白くまくん,RAS-X36R
ヒタチ,白くまくん,RAS-XJ22RE
ヒタチ,白くまくん,RAS-XJ25RE
ヒタチ,白くまくん,RAS-XJ28RE
ヒタチ,白くまくん,RAS-XJ36RE
ヒタチ,白くまくん,RAS-XJ40R2E
ヒタチ,白くまくん,RAS-XJ22REE
ヒタチ,白くまくん,RAS-XJ25REE
ヒタチ,白くまくん,RAS-XJ28REE
ヒタチ,白くまくん,RAS-XJ36REE
ヒタチ,白くまくん,RAS-XJ40R2EE
ヒタチ,白くまくん,RAS-ZJ22R
ヒタチ,白くまくん,RAS-ZJ25R
ヒタチ,白くまくん,RAS-ZJ28R
ヒタチ,白くまくん,RAS-ZJ40R2
ヒタチ,白くまくん,RAS-YF22R
ヒタチ,白くまくん,RAS-YF28R
ヒタチ,白くまくん,RAS-YF40R2
ヒタチ,白くまくん,RAS-ZJ22RE
ヒタチ,白くまくん,RAS-ZJ25RE
ヒタチ,白くまくん,RAS-ZJ28RE
ヒタチ,白くまくん,RAS-ZJ40R2E
ヒタチ,白くまくん,RAS-ZJ22REE
ヒタチ,白くまくん,RAS-ZJ25REE
ヒタチ,白くまくん,RAS-ZJ28REE
ヒタチ,白くまくん,RAS-ZJ40R2EE
ヒタチ,白くまくん,RAS-XK2525S
ヒタチ,白くまくん,RAS-XK2825D
ヒタチ,白くまくん,RAS-XK4025D
ヒタチ,白くまくん,RAS-XR2225S
ヒタチ,白くまくん,RAS-XR2525S
ヒタチ,白くまくん,RAS-XR2825S
ヒタチ,白くまくん,RAS-XR3625S
ヒタチ,白くまくん,RAS-XR4025D
ヒタチ,白くまくん,RAS-XC2225S
ヒタチ,白くまくん,RAS-XC2525S
ヒタチ,白くまくん,RAS-XC2825S
ヒタチ,白くまくん,RAS-XC3625S
ヒタチ,白くまくん,RAS-XC4025D
ヒタチ,白くまくん,RAS-XJ2225S
ヒタチ,白くまくん,RAS-XJ2525S
ヒタチ,白くまくん,RAS-XJ2825S
ヒタチ,白くまくん,RAS-XJ3625S
ヒタチ,白くまくん,RAS-XJ4025D
ヒタチ,白くまくん,RAS-JT2225SE5
ヒタチ,白くまくん,RAS-JT2525SE5
ヒタチ,白くまくん,RAS-JT2825SE5
ヒタチ,白くまくん,RAS-JT3625SE5
ヒタチ,白くまくん,RAS-JT4025DE5
ヒタチ,白くまくん,RAS-XR2225SBK
ヒタチ,白くまくん,RAS-XR2525SBK
ヒタチ,白くまくん,RAS-XR2825SBK
ヒタチ,白くまくん,RAS-XR3625SBK
ヒタチ,白くまくん,RAS-XR4025DBK
ヒタチ,白くまくん,RAS-X22M
ヒタチ,白くまくん,RAS-X25M
ヒタチ,白くまくん,RAS-X28M
ヒタチ,白くまくん,RAS-X36M
ヒタチ,白くまくん,RAS-X36M2
ヒタチ,白くまくん,RAS-X40M2
ヒタチ,白くまくん,RAS-X56M2
ヒタチ,白くまくん,RAS-XC22M
ヒタチ,白くまくん,RAS-XC25M
ヒタチ,白くまくん,RAS-XC28M
ヒタチ,白くまくん,RAS-XC36M
ヒタチ,白くまくん,RAS-XC36M2
ヒタチ,白くまくん,RAS-XC40M2
ヒタチ,白くまくん,RAS-XC56M2
ヒタチ,白くまくん,RAS-XJ22M
ヒタチ,白くまくん,RAS-XJ25M
ヒタチ,白くまくん,RAS-XJ28M
ヒタチ,白くまくん,RAS-XJ36M
ヒタチ,白くまくん,RAS-XJ36M2
ヒタチ,白くまくん,RAS-XJ40M2
ヒタチ,白くまくん,RAS-XJ56M2
ヒタチ,白くまくん,RAS-JT22ME1
ヒタチ,白くまくん,RAS-JT25ME1
ヒタチ,白くまくん,RAS-JT28ME1
ヒタチ,白くまくん,RAS-JT36ME1
ヒタチ,白くまくん,RAS-JT40M2E1
ヒタチ,白くまくん,RAS-JT56M2E1
ヒタチ,白くまくん,RAS-X22MBK
ヒタチ,白くまくん,RAS-X25MBK
ヒタチ,白くまくん,RAS-X28MBK
ヒタチ,白くまくん,RAS-X36MBK
ヒタチ,白くまくん,RAS-X40M2BK
ヒタチ,白くまくん,RAS-X56M2BK
ヒタチ,白くまくん,RAS-XK25N
ヒタチ,白くまくん,RAS-XK28N2
ヒタチ,白くまくん,RAS-XK40N2
ヒタチ,白くまくん,RAS-SH22LE9
ヒタチ,白くまくん,RAS-SH25LE9
ヒタチ,白くまくん,RAS-SH28LE9
ヒタチ,白くまくん,RAS-SH40L2E9
ヒタチ,白くまくん,RAS-S22M
ヒタチ,白くまくん,RAS-S25M
ヒタチ,白くまくん,RAS-S28M
ヒタチ,白くまくん,RAS-S40M2
ヒタチ,白くまくん,RAS-XJ2225SE
ヒタチ,白くまくん,RAS-XJ2525SE
ヒタチ,白くまくん,RAS-XJ2825SE
ヒタチ,白くまくん,RAS-XJ3625SE
ヒタチ,白くまくん,RAS-XJ4025DE
ヒタチ,白くまくん,RAS-XJ2225SJ
ヒタチ,白くまくん,RAS-XJ2525SJ
ヒタチ,白くまくん,RAS-XJ2825SJ
ヒタチ,白くまくん,RAS-XJ3625SJ
ヒタチ,白くまくん,RAS-XJ4025DJ
ヒタチ,白くまくん,RAS-ZJ2225S
ヒタチ,白くまくん,RAS-ZJ2525S
ヒタチ,白くまくん,RAS-ZJ2825S
ヒタチ,白くまくん,RAS-ZJ4025D
ヒタチ,白くまくん,RAS-YF2225S
ヒタチ,白くまくん,RAS-YF2825S
ヒタチ,白くまくん,RAS-YF4025D
ヒタチ,白くまくん,RAS-ZJ2225SE
ヒタチ,白くまくん,RAS-ZJ2525SE
ヒタチ,白くまくん,RAS-ZJ2825SE
ヒタチ,白くまくん,RAS-ZJ4025DE
ヒタチ,白くまくん,RAS-ZJ2225SJ
ヒタチ,白くまくん,RAS-ZJ2525SJ
ヒタチ,白くまくん,RAS-ZJ2825SJ
ヒタチ,白くまくん,RAS-ZJ4025DJ
ヒタチ,白くまくん,RAS-XK2526S
ヒタチ,白くまくん,RAS-XK2826D
ヒタチ,白くまくん,RAS-XK4026D
ヒタチ,白くまくん,RAS-XR2226S
ヒタチ,白くまくん,RAS-XR2526S
ヒタチ,白くまくん,RAS-XR2826S
ヒタチ,白くまくん,RAS-XR3626S
ヒタチ,白くまくん,RAS-XR4026D
ヒタチ,白くまくん,RAS-XC2226S
ヒタチ,白くまくん,RAS-XC2526S
ヒタチ,白くまくん,RAS-XC2826S
ヒタチ,白くまくん,RAS-XC3626S
ヒタチ,白くまくん,RAS-XC4026D
ヒタチ,白くまくん,RAS-XJ2226S
ヒタチ,白くまくん,RAS-XJ2526S
ヒタチ,白くまくん,RAS-XJ2826S
ヒタチ,白くまくん,RAS-XJ3626S
ヒタチ,白くまくん,RAS-XJ4026D
ヒタチ,白くまくん,RAS-JT2226SE6
ヒタチ,白くまくん,RAS-JT2526SE6
ヒタチ,白くまくん,RAS-JT2826SE6
ヒタチ,白くまくん,RAS-JT3626SE6
ヒタチ,白くまくん,RAS-JT4026DE6
ミツビシジュウコウ,ビーバーエアコン,SRK2523SK2-W
ミツビシジュウコウ,ビーバーエアコン,SRK2823SK2-W
ミツビシジュウコウ,ビーバーエアコン,SRK4023SK2-W
ミツビシジュウコウ,ビーバーエアコン,SRK2823SE3-W
ミツビシジュウコウ,ビーバーエアコン,SRK4023S2E3-W
ミツビシジュウコウ,ビーバーエアコン,SRK2223S-W
ミツビシジュウコウ,ビーバーエアコン,SRK2523S-W
ミツビシジュウコウ,ビーバーエアコン,SRK2823S-W
ミツビシジュウコウ,ビーバーエアコン,SRK3623S-W
ミツビシジュウコウ,ビーバーエアコン,SRK4023S2-W
ミツビシジュウコウ,ビーバーエアコン,SRK2224S-W
ミツビシジュウコウ,ビーバーエアコン,SRK2524S-W
ミツビシジュウコウ,ビーバーエアコン,SRK2824S-W
ミツビシジュウコウ,ビーバーエアコン,SRK3624S-W
ミツビシジュウコウ,ビーバーエアコン,SRK4024S2-W
ミツビシジュウコウ,ビーバーエアコン,SRK2524SK2-W
ミツビシジュウコウ,ビーバーエアコン,SRK2824SK2-W
ミツビシジュウコウ,ビーバーエアコン,SRK4024SK2-W
ミツビシジュウコウ,ビーバーエアコン,SRK2824SE4-W
ミツビシジュウコウ,ビーバーエアコン,SRK4024S2E4-W
ミツビシジュウコウ,ビーバーエアコン,SRK2225S-W
ミツビシジュウコウ,ビーバーエアコン,SRK2525S-W
ミツビシジュウコウ,ビーバーエアコン,SRK2825S-W
ミツビシジュウコウ,ビーバーエアコン,SRK3625S-W
ミツビシジュウコウ,ビーバーエアコン,SRK4025S2-W
ミツビシジュウコウ,ビーバーエアコン,SRK2525SK2-W
ミツビシジュウコウ,ビーバーエアコン,SRK2825SK2-W
ミツビシジュウコウ,ビーバーエアコン,SRK4025SK2-W
ミツビシジュウコウ,ビーバーエアコン,SRK2825SE5-W
ミツビシジュウコウ,ビーバーエアコン,SRK4025S2E5-W
ミツビシデンキ,霧ヶ峰,MSZ-ZW2223-W
ミツビシデンキ,霧ヶ峰,MSZ-ZW2523-W
ミツビシデンキ,霧ヶ峰,MSZ-ZW2823-W
ミツビシデンキ,霧ヶ峰,MSZ-ZW2823S-W
ミツビシデンキ,霧ヶ峰,MSZ-ZW3623-W
ミツビシデンキ,霧ヶ峰,MSZ-ZW3623S-W
ミツビシデンキ,霧ヶ峰,MSZ-ZW4023S-W
ミツビシデンキ,霧ヶ峰,MSZ-ZXV2223-W
ミツビシデンキ,霧ヶ峰,MSZ-ZXV2523-W
ミツビシデンキ,霧ヶ峰,MSZ-ZXV2823-W
ミツビシデンキ,霧ヶ峰,MSZ-ZXV2823S-W
ミツビシデンキ,霧ヶ峰,MSZ-ZXV3623-W
ミツビシデンキ,霧ヶ峰,MSZ-ZXV3623S-W
ミツビシデンキ,霧ヶ峰,MSZ-ZXV4023S-W
ミツビシデンキ,霧ヶ峰,MSZ-ZXV2223E-W
ミツビシデンキ,霧ヶ峰,MSZ-ZXV2523E-W
ミツビシデンキ,霧ヶ峰,MSZ-ZXV2823E-W
ミツビシデンキ,霧ヶ峰,MSZ-ZXV2823SE-W
ミツビシデンキ,霧ヶ峰,MSZ-ZXV3623E-W
ミツビシデンキ,霧ヶ峰,MSZ-ZXV3623SE-W
ミツビシデンキ,霧ヶ峰,MSZ-ZXV4023SE-W
ミツビシデンキ,霧ヶ峰,MSZ-EM2223E3-W
ミツビシデンキ,霧ヶ峰,MSZ-EM2523E3-W
ミツビシデンキ,霧ヶ峰,MSZ-EM2823E3-W
ミツビシデンキ,霧ヶ峰,MSZ-EM3623E3-W
ミツビシデンキ,霧ヶ峰,MSZ-EM4023E3S-W
ミツビシデンキ,霧ヶ峰,MSZ-JXV2223-W
ミツビシデンキ,霧ヶ峰,MSZ-JXV2223-T
ミツビシデンキ,霧ヶ峰,MSZ-JXV2523-W
ミツビシデンキ,霧ヶ峰,MSZ-JXV2523-T
ミツビシデンキ,霧ヶ峰,MSZ-JXV2823-W
ミツビシデンキ,霧ヶ峰,MSZ-JXV2823-T
ミツビシデンキ,霧ヶ峰,MSZ-JXV2823S-W
ミツビシデンキ,霧ヶ峰,MSZ-JXV2823S-T
ミツビシデンキ,霧ヶ峰,MSZ-JXV2223E-W
ミツビシデンキ,霧ヶ峰,MSZ-JXV2223E-T
ミツビシデンキ,霧ヶ峰,MSZ-JXV2523E-W
ミツビシデンキ,霧ヶ峰,MSZ-JXV2523E-T
ミツビシデンキ,霧ヶ峰,MSZ-JXV2823E-W
ミツビシデンキ,霧ヶ峰,MSZ-JXV2823E-T
ミツビシデンキ,霧ヶ峰,MSZ-JXV2823SE-W
ミツビシデンキ,霧ヶ峰,MSZ-JXV2823SE-T
ミツビシデンキ,霧ヶ峰,MSZ-JXV2223EE-W
ミツビシデンキ,霧ヶ峰,MSZ-JXV2223EE-T
ミツビシデンキ,霧ヶ峰,MSZ-JXV2523EE-W
ミツビシデンキ,霧ヶ峰,MSZ-JXV2523EE-T
ミツビシデンキ,霧ヶ峰,MSZ-JXV2823EE-W
ミツビシデンキ,霧ヶ峰,MSZ-JXV2823EE-T
ミツビシデンキ,霧ヶ峰,MSZ-JXV2823SEE-W
ミツビシデンキ,霧ヶ峰,MSZ-JXV2823SEE-T
ミツビシデンキ,霧ヶ峰,MSZ-X2223-W
ミツビシデンキ,霧ヶ峰,MSZ-X2523-W
ミツビシデンキ,霧ヶ峰,MSZ-X2823-W
ミツビシデンキ,霧ヶ峰,MSZ-XK2223-W
ミツビシデンキ,霧ヶ峰,MSZ-XK2523-W
ミツビシデンキ,霧ヶ峰,MSZ-XK2823-W
ミツビシデンキ,霧ヶ峰,MSZ-ZY2223-W
ミツビシデンキ,霧ヶ峰,MSZ-ZY2523-W
ミツビシデンキ,霧ヶ峰,MSZ-ZY2823-W
ミツビシデンキ,霧ヶ峰,MSZ-EM2224E4-W
ミツビシデンキ,霧ヶ峰,MSZ-EM2524E4-W
ミツビシデンキ,霧ヶ峰,MSZ-EM2824E4-W
ミツビシデンキ,霧ヶ峰,MSZ-EM3624E4-W
ミツビシデンキ,霧ヶ峰,MSZ-EM4024E4S-W
ミツビシデンキ,霧ヶ峰,MSZ-FZ4024S-W
ミツビシデンキ,霧ヶ峰,MSZ-FZ5624S-W
ミツビシデンキ,霧ヶ峰,MSZ-XD2224-W
ミツビシデンキ,霧ヶ峰,MSZ-ZD2524-W
ミツビシデンキ,霧ヶ峰,MSZ-ZD2824S-W
ミツビシデンキ,霧ヶ峰,MSZ-ZW2224-W
ミツビシデンキ,霧ヶ峰,MSZ-ZW2524-W
ミツビシデンキ,霧ヶ峰,MSZ-ZW2824-W
ミツビシデンキ,霧ヶ峰,MSZ-ZW2824S-W
ミツビシデンキ,霧ヶ峰,MSZ-ZW3624-W
ミツビシデンキ,霧ヶ峰,MSZ-ZW3624S-W
ミツビシデンキ,霧ヶ峰,MSZ-ZW4024S-W
ミツビシデンキ,霧ヶ峰,MSZ-FZV4024S-W
ミツビシデンキ,霧ヶ峰,MSZ-FZV5624S-W
ミツビシデンキ,霧ヶ峰,MSZ-FZV4024SE-W
ミツビシデンキ,霧ヶ峰,MSZ-FZV5624SE-W
ミツビシデンキ,霧ヶ峰,MSZ-HXV2524-W
ミツビシデンキ,霧ヶ峰,MSZ-HXV2824S-W
ミツビシデンキ,霧ヶ峰,MSZ-HXV2524E-W
ミツビシデンキ,霧ヶ峰,MSZ-HXV2824SE-W
ミツビシデンキ,霧ヶ峰,MSZ-NXV2224-W
ミツビシデンキ,霧ヶ峰,MSZ-ZXV3624E-W
ミツビシデンキ,霧ヶ峰,MSZ-ZXV4024SE-W
ミツビシデンキ,霧ヶ峰,MSZ-NXV2224E-W
ミツビシデンキ,霧ヶ峰,MSZ-ZXV2224-W
ミツビシデンキ,霧ヶ峰,MSZ-ZXV2524-W
ミツビシデンキ,霧ヶ峰,MSZ-ZXV2824-W
ミツビシデンキ,霧ヶ峰,MSZ-ZXV2824S-W
ミツビシデンキ,霧ヶ峰,MSZ-ZXV3624-W
ミツビシデンキ,霧ヶ峰,MSZ-ZXV3624S-W
ミツビシデンキ,霧ヶ峰,MSZ-ZXV4024S-W
ミツビシデンキ,霧ヶ峰,MSZ-ZXV2224E-W
ミツビシデンキ,霧ヶ峰,MSZ-ZXV2524E-W
ミツビシデンキ,霧ヶ峰,MSZ-ZXV2824E-W
ミツビシデンキ,霧ヶ峰,MSZ-ZXV2824SE-W
ミツビシデンキ,霧ヶ峰,MSZ-ZXV3624SE-W
ミツビシデンキ,霧ヶ峰,MSZ-X2224-W
ミツビシデンキ,霧ヶ峰,MSZ-X2524-W
ミツビシデンキ,霧ヶ峰,MSZ-X2824-W
ミツビシデンキ,霧ヶ峰,MSZ-JXV2224-W
ミツビシデンキ,霧ヶ峰,MSZ-JXV2524-W
ミツビシデンキ,霧ヶ峰,MSZ-JXV2824-W
ミツビシデンキ,霧ヶ峰,MSZ-JXV2824S-W
ミツビシデンキ,霧ヶ峰,MSZ-JXV3624-W
ミツビシデンキ,霧ヶ峰,MSZ-JXV4024S-W
ミツビシデンキ,霧ヶ峰,MSZ-JXV2224E-W
ミツビシデンキ,霧ヶ峰,MSZ-JXV2524E-W
ミツビシデンキ,霧ヶ峰,MSZ-JXV2824E-W
ミツビシデンキ,霧ヶ峰,MSZ-JXV2824SE-W
ミツビシデンキ,霧ヶ峰,MSZ-JXV3624E-W
ミツビシデンキ,霧ヶ峰,MSZ-JXV3624SE-W
ミツビシデンキ,霧ヶ峰,MSZ-JXV4024SE-W
ミツビシデンキ,霧ヶ峰,MSZ-JXV2224EE-W
ミツビシデンキ,霧ヶ峰,MSZ-JXV2524EE-W
ミツビシデンキ,霧ヶ峰,MSZ-JXV3624S-W
ミツビシデンキ,霧ヶ峰,MSZ-JXV2824EE-W
ミツビシデンキ,霧ヶ峰,MSZ-JXV2824SEE-W
ミツビシデンキ,霧ヶ峰,MSZ-JXV3624EE-W
ミツビシデンキ,霧ヶ峰,MSZ-JXV3624SEE-W
ミツビシデンキ,霧ヶ峰,MSZ-JXV4024SEE-W
ミツビシデンキ,霧ヶ峰,MSZ-XK2224-W
ミツビシデンキ,霧ヶ峰,MSZ-XK2524-W
ミツビシデンキ,霧ヶ峰,MSZ-XK2824-W
ミツビシデンキ,霧ヶ峰,MSZ-ZY2224-W
ミツビシデンキ,霧ヶ峰,MSZ-ZY2524-W
ミツビシデンキ,霧ヶ峰,MSZ-ZY2824-W
ミツビシデンキ,霧ヶ峰,MSZ-ZY4024S-W
ミツビシデンキ,霧ヶ峰,MSZ-FZ4025S-W
ミツビシデンキ,霧ヶ峰,MSZ-FZ5625S-W
ミツビシデンキ,霧ヶ峰,MSZ-ZW2225-W
ミツビシデンキ,霧ヶ峰,MSZ-ZW2525-W
ミツビシデンキ,霧ヶ峰,MSZ-ZW2825-W
ミツビシデンキ,霧ヶ峰,MSZ-ZW2825S-W
ミツビシデンキ,霧ヶ峰,MSZ-ZW3625-W
ミツビシデンキ,霧ヶ峰,MSZ-ZW3625S-W
ミツビシデンキ,霧ヶ峰,MSZ-ZW4025S-W
ミツビシデンキ,霧ヶ峰,MSZ-EM2225E5-W
ミツビシデンキ,霧ヶ峰,MSZ-EM2525E5-W
ミツビシデンキ,霧ヶ峰,MSZ-EM2825E5-W
ミツビシデンキ,霧ヶ峰,MSZ-EM3625E5-W
ミツビシデンキ,霧ヶ峰,MSZ-EM4025E5S-W
ミツビシデンキ,霧ヶ峰,MSZ-ZD2525-W
ミツビシデンキ,霧ヶ峰,MSZ-ZD2825S-W
ミツビシデンキ,霧ヶ峰,MSZ-XD2225-W
ミツビシデンキ,霧ヶ峰,MSZ-FZV4025S-W
ミツビシデンキ,霧ヶ峰,MSZ-FZV5625S-W
ミツビシデンキ,霧ヶ峰,MSZ-FZV4025SE-W
ミツビシデンキ,霧ヶ峰,MSZ-FZV5625SE-W
ミツビシデンキ,霧ヶ峰,MSZ-ZXV2225-W
ミツビシデンキ,霧ヶ峰,MSZ-ZXV2525-W
ミツビシデンキ,霧ヶ峰,MSZ-ZXV2825-W
ミツビシデンキ,霧ヶ峰,MSZ-ZXV2825S-W
ミツビシデンキ,霧ヶ峰,MSZ-ZXV3625-W
ミツビシデンキ,霧ヶ峰,MSZ-ZXV3625S-W
ミツビシデンキ,霧ヶ峰,MSZ-ZXV4025S-W
ミツビシデンキ,霧ヶ峰,MSZ-ZXV2225E-W
ミツビシデンキ,霧ヶ峰,MSZ-ZXV2525E-W
ミツビシデンキ,霧ヶ峰,MSZ-ZXV2825E-W
ミツビシデンキ,霧ヶ峰,MSZ-ZXV2825SE-W
ミツビシデンキ,霧ヶ峰,MSZ-ZXV3625E-W
ミツビシデンキ,霧ヶ峰,MSZ-ZXV3625SE-W
ミツビシデンキ,霧ヶ峰,MSZ-ZXV4025SE-W
ミツビシデンキ,霧ヶ峰,MSZ-HXV2525-W
ミツビシデンキ,霧ヶ峰,MSZ-HXV2825S-W
ミツビシデンキ,霧ヶ峰,MSZ-HXV2525E-W
ミツビシデンキ,霧ヶ峰,MSZ-HXV2825SE-W
ミツビシデンキ,霧ヶ峰,MSZ-NXV2225-W
ミツビシデンキ,霧ヶ峰,MSZ-NXV2225E-W
ミツビシデンキ,霧ヶ峰,MSZ-FLV2821-W
ミツビシデンキ,霧ヶ峰,MSZ-FLV2821-R
ミツビシデンキ,霧ヶ峰,MSZ-FLV2821-K
ミツビシデンキ,霧ヶ峰,MSZ-FLV3621S-W
ミツビシデンキ,霧ヶ峰,MSZ-FLV3621S-R
ミツビシデンキ,霧ヶ峰,MSZ-FLV3621S-K
ミツビシデンキ,霧ヶ峰,MSZ-FLV4021S-W
ミツビシデンキ,霧ヶ峰,MSZ-FLV4021S-R
ミツビシデンキ,霧ヶ峰,MSZ-FLV4021S-K
ミツビシデンキ,霧ヶ峰,MSZ-FLV2821E-W
ミツビシデンキ,霧ヶ峰,MSZ-FLV2821E-R
ミツビシデンキ,霧ヶ峰,MSZ-FLV2821E-K
ミツビシデンキ,霧ヶ峰,MSZ-FLV3621SE-W
ミツビシデンキ,霧ヶ峰,MSZ-FLV3621SE-R
ミツビシデンキ,霧ヶ峰,MSZ-FLV3621SE-K
ミツビシデンキ,霧ヶ峰,MSZ-FLV4021SE-W
ミツビシデンキ,霧ヶ峰,MSZ-FLV4021SE-R
ミツビシデンキ,霧ヶ峰,MSZ-FLV4021SE-K
ミツビシデンキ,霧ヶ峰,MSZ-FL2821-W
ミツビシデンキ,霧ヶ峰,MSZ-FL2821-R
ミツビシデンキ,霧ヶ峰,MSZ-FL2821-K
ミツビシデンキ,霧ヶ峰,MSZ-FL4021S-W
ミツビシデンキ,霧ヶ峰,MSZ-FL4021S-R
ミツビシデンキ,霧ヶ峰,MSZ-FL4021S-K
ミツビシデンキ,霧ヶ峰,MSZ-ZW2222-W
ミツビシデンキ,霧ヶ峰,MSZ-ZW2222-T
ミツビシデンキ,霧ヶ峰,MSZ-ZW2522-W
ミツビシデンキ,霧ヶ峰,MSZ-ZW2522-T
ミツビシデンキ,霧ヶ峰,MSZ-ZW2822-W
ミツビシデンキ,霧ヶ峰,MSZ-ZW2822-T
ミツビシデンキ,霧ヶ峰,MSZ-ZW2822S-W
ミツビシデンキ,霧ヶ峰,MSZ-ZW2822S-T
ミツビシデンキ,霧ヶ峰,MSZ-ZW4022S-W
ミツビシデンキ,霧ヶ峰,MSZ-ZW4022S-T
ミツビシデンキ,霧ヶ峰,MSZ-ZW2221-W
ミツビシデンキ,霧ヶ峰,MSZ-ZW2221-T
ミツビシデンキ,霧ヶ峰,MSZ-ZW2521-W
ミツビシデンキ,霧ヶ峰,MSZ-ZW2521-T
ミツビシデンキ,霧ヶ峰,MSZ-ZW2821-W
ミツビシデンキ,霧ヶ峰,MSZ-ZW2821-T
ミツビシデンキ,霧ヶ峰,MSZ-ZW2821S-W
ミツビシデンキ,霧ヶ峰,MSZ-ZW2821S-T
ミツビシデンキ,霧ヶ峰,MSZ-ZW3621-W
ミツビシデンキ,霧ヶ峰,MSZ-ZW3621-T
ミツビシデンキ,霧ヶ峰,MSZ-ZW3621S-W
ミツビシデンキ,霧ヶ峰,MSZ-ZW3621S-T
ミツビシデンキ,霧ヶ峰,MSZ-ZW4021S-W
ミツビシデンキ,霧ヶ峰,MSZ-ZW4021S-T
ミツビシデンキ,霧ヶ峰,MSZ-FZ4021S-W
ミツビシデンキ,霧ヶ峰,MSZ-FZ5621S-W
ミツビシデンキ,霧ヶ峰,MSZ-FZ6321S-W
ミツビシデンキ,霧ヶ峰,MSZ-FZ7121S-W
ミツビシデンキ,霧ヶ峰,MSZ-FZ4022S-W
ミツビシデンキ,霧ヶ峰,MSZ-FZ5622S-W
ミツビシデンキ,霧ヶ峰,MSZ-FZ6322S-W
ミツビシデンキ,霧ヶ峰,MSZ-JXV2217-W
ミツビシデンキ,霧ヶ峰,MSZ-JXV2217-T
ミツビシデンキ,霧ヶ峰,MSZ-JXV2517-W
ミツビシデンキ,霧ヶ峰,MSZ-JXV2517-T
ミツビシデンキ,霧ヶ峰,MSZ-JXV2817-W
ミツビシデンキ,霧ヶ峰,MSZ-JXV2817-T
ミツビシデンキ,霧ヶ峰,MSZ-JXV2817S-W
ミツビシデンキ,霧ヶ峰,MSZ-JXV2817S-T
ミツビシデンキ,霧ヶ峰,MSZ-JXV2217E-W
ミツビシデンキ,霧ヶ峰,MSZ-JXV2217E-T
ミツビシデンキ,霧ヶ峰,MSZ-JXV2517E-W
ミツビシデンキ,霧ヶ峰,MSZ-JXV2517E-T
ミツビシデンキ,霧ヶ峰,MSZ-JXV2817E-W
ミツビシデンキ,霧ヶ峰,MSZ-JXV2817E-T
ミツビシデンキ,霧ヶ峰,MSZ-JXV2817SE-W
ミツビシデンキ,霧ヶ峰,MSZ-JXV2817SE-T
ミツビシデンキ,霧ヶ峰,MSZ-JXV2218-W
ミツビシデンキ,霧ヶ峰,MSZ-JXV2218-T
ミツビシデンキ,霧ヶ峰,MSZ-JXV2518-W
ミツビシデンキ,霧ヶ峰,MSZ-JXV2518-T
ミツビシデンキ,霧ヶ峰,MSZ-JXV2818-W
ミツビシデンキ,霧ヶ峰,MSZ-JXV2818-T
ミツビシデンキ,霧ヶ峰,MSZ-JXV2818S-W
ミツビシデンキ,霧ヶ峰,MSZ-JXV2818S-T
ミツビシデンキ,霧ヶ峰,MSZ-JXV2218E-W
ミツビシデンキ,霧ヶ峰,MSZ-JXV2218E-T
ミツビシデンキ,霧ヶ峰,MSZ-JXV2518E-W
ミツビシデンキ,霧ヶ峰,MSZ-JXV2518E-T
ミツビシデンキ,霧ヶ峰,MSZ-JXV2818E-W
ミツビシデンキ,霧ヶ峰,MSZ-JXV2818E-T
ミツビシデンキ,霧ヶ峰,MSZ-JXV2818SE-W
ミツビシデンキ,霧ヶ峰,MSZ-JXV2818SE-T
ミツビシデンキ,霧ヶ峰,MSZ-ZXV2218-W
ミツビシデンキ,霧ヶ峰,MSZ-ZXV2218-T
ミツビシデンキ,霧ヶ峰,MSZ-ZXV2518-W
ミツビシデンキ,霧ヶ峰,MSZ-ZXV2518-T
ミツビシデンキ,霧ヶ峰,MSZ-ZXV2818-W
ミツビシデンキ,霧ヶ峰,MSZ-ZXV2818-T
ミツビシデンキ,霧ヶ峰,MSZ-ZXV2818S-W
ミツビシデンキ,霧ヶ峰,MSZ-ZXV2818S-T
ミツビシデンキ,霧ヶ峰,MSZ-ZXV3618-W
ミツビシデンキ,霧ヶ峰,MSZ-ZXV3618-T
ミツビシデンキ,霧ヶ峰,MSZ-ZXV3618S-W
ミツビシデンキ,霧ヶ峰,MSZ-ZXV3618S-T
ミツビシデンキ,霧ヶ峰,MSZ-ZXV4018S-W
ミツビシデンキ,霧ヶ峰,MSZ-ZXV4018S-T
ミツビシデンキ,霧ヶ峰,MSZ-ZXV2218E-W
ミツビシデンキ,霧ヶ峰,MSZ-ZXV2218E-T
ミツビシデンキ,霧ヶ峰,MSZ-ZXV2518E-W
ミツビシデンキ,霧ヶ峰,MSZ-ZXV2518E-T
ミツビシデンキ,霧ヶ峰,MSZ-ZXV2818E-W
ミツビシデンキ,霧ヶ峰,MSZ-ZXV2818E-T
ミツビシデンキ,霧ヶ峰,MSZ-ZXV2818SE-W
ミツビシデンキ,霧ヶ峰,MSZ-ZXV2818SE-T
ミツビシデンキ,霧ヶ峰,MSZ-ZXV3618E-W
ミツビシデンキ,霧ヶ峰,MSZ-ZXV3618E-T
ミツビシデンキ,霧ヶ峰,MSZ-ZXV3618SE-W
ミツビシデンキ,霧ヶ峰,MSZ-ZXV3618SE-T
ミツビシデンキ,霧ヶ峰,MSZ-ZXV4018SE-W
ミツビシデンキ,霧ヶ峰,MSZ-ZXV4018SE-T
ミツビシデンキ,霧ヶ峰,MSZ-EM2220E8-W
ミツビシデンキ,霧ヶ峰,MSZ-EM2520E8-W
ミツビシデンキ,霧ヶ峰,MSZ-EM2820E8-W
ミツビシデンキ,霧ヶ峰,MSZ-EM4020E8S-W
ミツビシデンキ,霧ヶ峰,MSZ-FLV2820-W
ミツビシデンキ,霧ヶ峰,MSZ-FLV2820-R
ミツビシデンキ,霧ヶ峰,MSZ-FLV2820-K
ミツビシデンキ,霧ヶ峰,MSZ-FLV3620S-W
ミツビシデンキ,霧ヶ峰,MSZ-FLV3620S-R
ミツビシデンキ,霧ヶ峰,MSZ-FLV3620S-K
ミツビシデンキ,霧ヶ峰,MSZ-FLV4020S-W
ミツビシデンキ,霧ヶ峰,MSZ-FLV4020S-R
ミツビシデンキ,霧ヶ峰,MSZ-FLV4020S-K
ミツビシデンキ,霧ヶ峰,MSZ-FLV2820E-W
ミツビシデンキ,霧ヶ峰,MSZ-FLV2820E-R
ミツビシデンキ,霧ヶ峰,MSZ-FLV2820E-K
ミツビシデンキ,霧ヶ峰,MSZ-FLV3620SE-W
ミツビシデンキ,霧ヶ峰,MSZ-FLV3620SE-R
ミツビシデンキ,霧ヶ峰,MSZ-FLV3620SE-K
ミツビシデンキ,霧ヶ峰,MSZ-FLV4020SE-W
ミツビシデンキ,霧ヶ峰,MSZ-FLV4020SE-R
ミツビシデンキ,霧ヶ峰,MSZ-FLV4020SE-K
ミツビシデンキ,霧ヶ峰,MSZ-FL2820-W
ミツビシデンキ,霧ヶ峰,MSZ-FL2820-R
ミツビシデンキ,霧ヶ峰,MSZ-FL2820-K
ミツビシデンキ,霧ヶ峰,MSZ-FL4020S-W
ミツビシデンキ,霧ヶ峰,MSZ-FL4020S-R
ミツビシデンキ,霧ヶ峰,MSZ-FL4020S-K
ミツビシデンキ,霧ヶ峰,MSZ-FZV4020S-W
ミツビシデンキ,霧ヶ峰,MSZ-FZV5620S-W
ミツビシデンキ,霧ヶ峰,MSZ-FZV6320S-W
ミツビシデンキ,霧ヶ峰,MSZ-FZV7120S-W
ミツビシデンキ,霧ヶ峰,MSZ-FZV4020SE-W
ミツビシデンキ,霧ヶ峰,MSZ-FZV5620SE-W
ミツビシデンキ,霧ヶ峰,MSZ-FZV6320SE-W
ミツビシデンキ,霧ヶ峰,MSZ-FZV7120SE-W
ミツビシデンキ,霧ヶ峰,MSZ-FZ4020S-W
ミツビシデンキ,霧ヶ峰,MSZ-FZ5620S-W
ミツビシデンキ,霧ヶ峰,MSZ-FZ6320S-W
ミツビシデンキ,霧ヶ峰,MSZ-FZ7120S-W
ミツビシデンキ,霧ヶ峰,MSZ-HXV2520-W
ミツビシデンキ,霧ヶ峰,MSZ-HXV2520-T
ミツビシデンキ,霧ヶ峰,MSZ-HXV2820S-W
ミツビシデンキ,霧ヶ峰,MSZ-HXV2820S-T
ミツビシデンキ,霧ヶ峰,MSZ-HXV2520E-W
ミツビシデンキ,霧ヶ峰,MSZ-HXV2520E-T
ミツビシデンキ,霧ヶ峰,MSZ-HXV2820SE-W
ミツビシデンキ,霧ヶ峰,MSZ-HXV2820SE-T
ミツビシデンキ,霧ヶ峰,MSZ-JXV2220-W
ミツビシデンキ,霧ヶ峰,MSZ-JXV2220-T
ミツビシデンキ,霧ヶ峰,MSZ-JXV2520-W
ミツビシデンキ,霧ヶ峰,MSZ-JXV2520-T
ミツビシデンキ,霧ヶ峰,MSZ-JXV2820-W
ミツビシデンキ,霧ヶ峰,MSZ-JXV2820-T
ミツビシデンキ,霧ヶ峰,MSZ-JXV2820S-W
ミツビシデンキ,霧ヶ峰,MSZ-JXV2820S-T
ミツビシデンキ,霧ヶ峰,MSZ-JXV2220E-W
ミツビシデンキ,霧ヶ峰,MSZ-JXV2220E-T
ミツビシデンキ,霧ヶ峰,MSZ-JXV2520E-W
ミツビシデンキ,霧ヶ峰,MSZ-JXV2520E-T
ミツビシデンキ,霧ヶ峰,MSZ-JXV2820E-W
ミツビシデンキ,霧ヶ峰,MSZ-JXV2820E-T
ミツビシデンキ,霧ヶ峰,MSZ-JXV2820SE-W
ミツビシデンキ,霧ヶ峰,MSZ-JXV2820SE-T
ミツビシデンキ,霧ヶ峰,MSZ-NXV2220-W
ミツビシデンキ,霧ヶ峰,MSZ-NXV2220E-W
ミツビシデンキ,霧ヶ峰,MSZ-XD2220-W
ミツビシデンキ,霧ヶ峰,MSZ-XK2220-W
ミツビシデンキ,霧ヶ峰,MSZ-XK2520-W
ミツビシデンキ,霧ヶ峰,MSZ-XK2820-W
ミツビシデンキ,霧ヶ峰,MSZ-X2220-W
ミツビシデンキ,霧ヶ峰,MSZ-X2520-W
ミツビシデンキ,霧ヶ峰,MSZ-X2820-W
ミツビシデンキ,霧ヶ峰,MSZ-ZD2520-W
ミツビシデンキ,霧ヶ峰,MSZ-ZD2820S-W
ミツビシデンキ,霧ヶ峰,MSZ-ZW2220-W
ミツビシデンキ,霧ヶ峰,MSZ-ZW2220-T
ミツビシデンキ,霧ヶ峰,MSZ-ZW2520-W
ミツビシデンキ,霧ヶ峰,MSZ-ZW2520-T
ミツビシデンキ,霧ヶ峰,MSZ-ZW2820-W
ミツビシデンキ,霧ヶ峰,MSZ-ZW2820-T
ミツビシデンキ,霧ヶ峰,MSZ-ZW2820S-W
ミツビシデンキ,霧ヶ峰,MSZ-ZW2820S-T
ミツビシデンキ,霧ヶ峰,MSZ-ZW3620-W
ミツビシデンキ,霧ヶ峰,MSZ-ZW3620-T
ミツビシデンキ,霧ヶ峰,MSZ-ZW3620S-W
ミツビシデンキ,霧ヶ峰,MSZ-ZW3620S-T
ミツビシデンキ,霧ヶ峰,MSZ-ZW4020S-W
ミツビシデンキ,霧ヶ峰,MSZ-ZW4020S-T
ミツビシデンキ,霧ヶ峰,MSZ-ZXV2220-W
ミツビシデンキ,霧ヶ峰,MSZ-ZXV2220-T
ミツビシデンキ,霧ヶ峰,MSZ-ZXV2520-W
ミツビシデンキ,霧ヶ峰,MSZ-ZXV2520-T
ミツビシデンキ,霧ヶ峰,MSZ-ZXV2820-W
ミツビシデンキ,霧ヶ峰,MSZ-ZXV2820-T
ミツビシデンキ,霧ヶ峰,MSZ-ZXV2820S-W
ミツビシデンキ,霧ヶ峰,MSZ-ZXV2820S-T
ミツビシデンキ,霧ヶ峰,MSZ-ZXV3620-W
ミツビシデンキ,霧ヶ峰,MSZ-ZXV3620-T
ミツビシデンキ,霧ヶ峰,MSZ-ZXV3620S-W
ミツビシデンキ,霧ヶ峰,MSZ-ZXV3620S-T
ミツビシデンキ,霧ヶ峰,MSZ-ZXV4020S-W
ミツビシデンキ,霧ヶ峰,MSZ-ZXV4020S-T
ミツビシデンキ,霧ヶ峰,MSZ-ZXV2220E-W
ミツビシデンキ,霧ヶ峰,MSZ-ZXV2220E-T
ミツビシデンキ,霧ヶ峰,MSZ-ZXV2520E-W
ミツビシデンキ,霧ヶ峰,MSZ-ZXV2520E-T
ミツビシデンキ,霧ヶ峰,MSZ-ZXV2820E-W
ミツビシデンキ,霧ヶ峰,MSZ-ZXV2820E-T
ミツビシデンキ,霧ヶ峰,MSZ-ZXV2820SE-W
ミツビシデンキ,霧ヶ峰,MSZ-ZXV2820SE-T
ミツビシデンキ,霧ヶ峰,MSZ-ZXV3620E-W
ミツビシデンキ,霧ヶ峰,MSZ-ZXV3620E-T
ミツビシデンキ,霧ヶ峰,MSZ-ZXV3620SE-W
ミツビシデンキ,霧ヶ峰,MSZ-ZXV3620SE-T
ミツビシデンキ,霧ヶ峰,MSZ-ZXV4020SE-W
ミツビシデンキ,霧ヶ峰,MSZ-ZXV4020SE-T
ミツビシデンキ,霧ヶ峰,MSZ-ZY2220-W
ミツビシデンキ,霧ヶ峰,MSZ-ZY2520-W
ミツビシデンキ,霧ヶ峰,MSZ-ZY2820-W
ミツビシデンキ,霧ヶ峰,MSZ-EM2221E9-W
ミツビシデンキ,霧ヶ峰,MSZ-EM2521E9-W
ミツビシデンキ,霧ヶ峰,MSZ-EM2821E9-W
ミツビシデンキ,霧ヶ峰,MSZ-EM4021E9S-W
ミツビシデンキ,霧ヶ峰,MSZ-FZV4021S-W
ミツビシデンキ,霧ヶ峰,MSZ-FZV5621S-W
ミツビシデンキ,霧ヶ峰,MSZ-FZV6321S-W
ミツビシデンキ,霧ヶ峰,MSZ-FZV7121S-W
ミツビシデンキ,霧ヶ峰,MSZ-FZV4021SE-W
ミツビシデンキ,霧ヶ峰,MSZ-FZV5621SE-W
ミツビシデンキ,霧ヶ峰,MSZ-FZV6321SE-W
ミツビシデンキ,霧ヶ峰,MSZ-FZV7121SE-W
ミツビシデンキ,霧ヶ峰,MSZ-JXV2221-W
ミツビシデンキ,霧ヶ峰,MSZ-JXV2221-T
ミツビシデンキ,霧ヶ峰,MSZ-JXV2521-W
ミツビシデンキ,霧ヶ峰,MSZ-JXV2521-T
ミツビシデンキ,霧ヶ峰,MSZ-JXV2821-W
ミツビシデンキ,霧ヶ峰,MSZ-JXV2821-T
ミツビシデンキ,霧ヶ峰,MSZ-JXV2821S-W
ミツビシデンキ,霧ヶ峰,MSZ-JXV2821S-T
ミツビシデンキ,霧ヶ峰,MSZ-JXV2221E-W
ミツビシデンキ,霧ヶ峰,MSZ-JXV2221E-T
ミツビシデンキ,霧ヶ峰,MSZ-JXV2521E-W
ミツビシデンキ,霧ヶ峰,MSZ-JXV2521E-T
ミツビシデンキ,霧ヶ峰,MSZ-JXV2821E-W
ミツビシデンキ,霧ヶ峰,MSZ-JXV2821E-T
ミツビシデンキ,霧ヶ峰,MSZ-JXV2821SE-W
ミツビシデンキ,霧ヶ峰,MSZ-JXV2821SE-T
ミツビシデンキ,霧ヶ峰,MSZ-JXV2221EE-W
ミツビシデンキ,霧ヶ峰,MSZ-JXV2221EE-T
ミツビシデンキ,霧ヶ峰,MSZ-JXV2521EE-W
ミツビシデンキ,霧ヶ峰,MSZ-JXV2521EE-T
ミツビシデンキ,霧ヶ峰,MSZ-JXV2821EE-W
ミツビシデンキ,霧ヶ峰,MSZ-JXV2821EE-T
ミツビシデンキ,霧ヶ峰,MSZ-JXV2821SEE-W
ミツビシデンキ,霧ヶ峰,MSZ-JXV2821SEE-T
ミツビシデンキ,霧ヶ峰,MSZ-XD2221-W
ミツビシデンキ,霧ヶ峰,MSZ-XK2221-W
ミツビシデンキ,霧ヶ峰,MSZ-XK2521-W
ミツビシデンキ,霧ヶ峰,MSZ-XK2821-W
ミツビシデンキ,霧ヶ峰,MSZ-X2221-W
ミツビシデンキ,霧ヶ峰,MSZ-X2521-W
ミツビシデンキ,霧ヶ峰,MSZ-X2821-W
ミツビシデンキ,霧ヶ峰,MSZ-ZD2521-W
ミツビシデンキ,霧ヶ峰,MSZ-ZD2821S-W
ミツビシデンキ,霧ヶ峰,MSZ-ZXV2221-W
ミツビシデンキ,霧ヶ峰,MSZ-ZXV2221-T
ミツビシデンキ,霧ヶ峰,MSZ-ZXV2521-W
ミツビシデンキ,霧ヶ峰,MSZ-ZXV2521-T
ミツビシデンキ,霧ヶ峰,MSZ-ZXV2821-W
ミツビシデンキ,霧ヶ峰,MSZ-ZXV2821-T
ミツビシデンキ,霧ヶ峰,MSZ-ZXV2821S-W
ミツビシデンキ,霧ヶ峰,MSZ-ZXV2821S-T
ミツビシデンキ,霧ヶ峰,MSZ-ZXV3621-W
ミツビシデンキ,霧ヶ峰,MSZ-ZXV3621-T
ミツビシデンキ,霧ヶ峰,MSZ-ZXV3621S-W
ミツビシデンキ,霧ヶ峰,MSZ-ZXV3621S-T
ミツビシデンキ,霧ヶ峰,MSZ-ZXV4021S-W
ミツビシデンキ,霧ヶ峰,MSZ-ZXV4021S-T
ミツビシデンキ,霧ヶ峰,MSZ-ZXV2221E-W
ミツビシデンキ,霧ヶ峰,MSZ-ZXV2221E-T
ミツビシデンキ,霧ヶ峰,MSZ-ZXV2521E-W
ミツビシデンキ,霧ヶ峰,MSZ-ZXV2521E-T
ミツビシデンキ,霧ヶ峰,MSZ-ZXV2821E-W
ミツビシデンキ,霧ヶ峰,MSZ-ZXV2821E-T
ミツビシデンキ,霧ヶ峰,MSZ-ZXV2821SE-W
ミツビシデンキ,霧ヶ峰,MSZ-ZXV2821SE-T
ミツビシデンキ,霧ヶ峰,MSZ-ZXV3621E-W
ミツビシデンキ,霧ヶ峰,MSZ-ZXV3621E-T
ミツビシデンキ,霧ヶ峰,MSZ-ZXV3621SE-W
ミツビシデンキ,霧ヶ峰,MSZ-ZXV3621SE-T
ミツビシデンキ,霧ヶ峰,MSZ-ZXV4021SE-W
ミツビシデンキ,霧ヶ峰,MSZ-ZXV4021SE-T
ミツビシデンキ,霧ヶ峰,MSZ-ZY2221-W
ミツビシデンキ,霧ヶ峰,MSZ-ZY2521-W
ミツビシデンキ,霧ヶ峰,MSZ-ZY2821-W
ミツビシデンキ,霧ヶ峰,MSZ-EM2222E1-W
ミツビシデンキ,霧ヶ峰,MSZ-EM2522E1-W
ミツビシデンキ,霧ヶ峰,MSZ-EM2822E1-W
ミツビシデンキ,霧ヶ峰,MSZ-EM4022E1S-W
ミツビシデンキ,霧ヶ峰,MSZ-FZV4022S-W
ミツビシデンキ,霧ヶ峰,MSZ-FZV5622S-W
ミツビシデンキ,霧ヶ峰,MSZ-FZV6322S-W
ミツビシデンキ,霧ヶ峰,MSZ-FZV4022SE-W
ミツビシデンキ,霧ヶ峰,MSZ-FZV5622SE-W
ミツビシデンキ,霧ヶ峰,MSZ-FZV6322SE-W
ミツビシデンキ,霧ヶ峰,MSZ-HXV2522-W
ミツビシデンキ,霧ヶ峰,MSZ-HXV2822S-W
ミツビシデンキ,霧ヶ峰,MSZ-HXV2522E-W
ミツビシデンキ,霧ヶ峰,MSZ-HXV2822SE-W
ミツビシデンキ,霧ヶ峰,MSZ-JXV2222-W
ミツビシデンキ,霧ヶ峰,MSZ-JXV2222-T
ミツビシデンキ,霧ヶ峰,MSZ-JXV2522-W
ミツビシデンキ,霧ヶ峰,MSZ-JXV2522-T
ミツビシデンキ,霧ヶ峰,MSZ-JXV2822-W
ミツビシデンキ,霧ヶ峰,MSZ-JXV2822-T
ミツビシデンキ,霧ヶ峰,MSZ-JXV2822S-W
ミツビシデンキ,霧ヶ峰,MSZ-JXV2822S-T
ミツビシデンキ,霧ヶ峰,MSZ-JXV2222E-W
ミツビシデンキ,霧ヶ峰,MSZ-JXV2222E-T
ミツビシデンキ,霧ヶ峰,MSZ-JXV2522E-W
ミツビシデンキ,霧ヶ峰,MSZ-JXV2522E-T
ミツビシデンキ,霧ヶ峰,MSZ-JXV2822E-W
ミツビシデンキ,霧ヶ峰,MSZ-JXV2822E-T
ミツビシデンキ,霧ヶ峰,MSZ-JXV2822SE-W
ミツビシデンキ,霧ヶ峰,MSZ-JXV2822SE-T
ミツビシデンキ,霧ヶ峰,MSZ-JXV2222EE-W
ミツビシデンキ,霧ヶ峰,MSZ-JXV2222EE-T
ミツビシデンキ,霧ヶ峰,MSZ-JXV2522EE-W
ミツビシデンキ,霧ヶ峰,MSZ-JXV2522EE-T
ミツビシデンキ,霧ヶ峰,MSZ-JXV2822EE-W
ミツビシデンキ,霧ヶ峰,MSZ-JXV2822EE-T
ミツビシデンキ,霧ヶ峰,MSZ-JXV2822SEE-W
ミツビシデンキ,霧ヶ峰,MSZ-JXV2822SEE-T
ミツビシデンキ,霧ヶ峰,MSZ-NXV2222-W
ミツビシデンキ,霧ヶ峰,MSZ-NXV2222E-W
ミツビシデンキ,霧ヶ峰,MSZ-XD2222-W
ミツビシデンキ,霧ヶ峰,MSZ-XK2222-W
ミツビシデンキ,霧ヶ峰,MSZ-XK2522-W
ミツビシデンキ,霧ヶ峰,MSZ-XK2822-W
ミツビシデンキ,霧ヶ峰,MSZ-X2222D-W
ミツビシデンキ,霧ヶ峰,MSZ-X2522D-W
ミツビシデンキ,霧ヶ峰,MSZ-X2822D-W
ミツビシデンキ,霧ヶ峰,MSZ-ZD2522-W
ミツビシデンキ,霧ヶ峰,MSZ-ZD2822S-W
ミツビシデンキ,霧ヶ峰,MSZ-ZXV2222-W
ミツビシデンキ,霧ヶ峰,MSZ-ZXV2222-T
ミツビシデンキ,霧ヶ峰,MSZ-ZXV2522-W
ミツビシデンキ,霧ヶ峰,MSZ-ZXV2522-T
ミツビシデンキ,霧ヶ峰,MSZ-ZXV2822-W
ミツビシデンキ,霧ヶ峰,MSZ-ZXV2822-T
ミツビシデンキ,霧ヶ峰,MSZ-ZXV2822S-W
ミツビシデンキ,霧ヶ峰,MSZ-ZXV2822S-T
ミツビシデンキ,霧ヶ峰,MSZ-ZXV4022S-W
ミツビシデンキ,霧ヶ峰,MSZ-ZXV4022S-T
ミツビシデンキ,霧ヶ峰,MSZ-ZXV2222E-W
ミツビシデンキ,霧ヶ峰,MSZ-ZXV2222E-T
ミツビシデンキ,霧ヶ峰,MSZ-ZXV2522E-W
ミツビシデンキ,霧ヶ峰,MSZ-ZXV2522E-T
ミツビシデンキ,霧ヶ峰,MSZ-ZXV2822E-W
ミツビシデンキ,霧ヶ峰,MSZ-ZXV2822E-T
ミツビシデンキ,霧ヶ峰,MSZ-ZXV2822SE-W
ミツビシデンキ,霧ヶ峰,MSZ-ZXV2822SE-T
ミツビシデンキ,霧ヶ峰,MSZ-ZXV4022SE-W
ミツビシデンキ,霧ヶ峰,MSZ-ZXV4022SE-T
ミツビシデンキ,霧ヶ峰,MSZ-ZY2222-W
ミツビシデンキ,霧ヶ峰,MSZ-ZY2522-W
ミツビシデンキ,霧ヶ峰,MSZ-ZY2822-W
ミツビシデンキ,霧ヶ峰,MSZ-X2225-W
ミツビシデンキ,霧ヶ峰,MSZ-X2525-W
ミツビシデンキ,霧ヶ峰,MSZ-X2825-W
ミツビシデンキ,霧ヶ峰,MSZ-X3625-W
ミツビシデンキ,霧ヶ峰,MSZ-X4025S-W
ミツビシデンキ,霧ヶ峰,MSZ-JXV2225-W
ミツビシデンキ,霧ヶ峰,MSZ-JXV2525-W
ミツビシデンキ,霧ヶ峰,MSZ-JXV2825-W
ミツビシデンキ,霧ヶ峰,MSZ-JXV2825S-W
ミツビシデンキ,霧ヶ峰,MSZ-JXV3625-W
ミツビシデンキ,霧ヶ峰,MSZ-JXV3625S-W
ミツビシデンキ,霧ヶ峰,MSZ-JXV4025S-W
ミツビシデンキ,霧ヶ峰,MSZ-JXV2225E-W
ミツビシデンキ,霧ヶ峰,MSZ-JXV2525E-W
ミツビシデンキ,霧ヶ峰,MSZ-JXV2825E-W
ミツビシデンキ,霧ヶ峰,MSZ-JXV2825SE-W
ミツビシデンキ,霧ヶ峰,MSZ-JXV3625E-W
ミツビシデンキ,霧ヶ峰,MSZ-JXV3625SE-W
ミツビシデンキ,霧ヶ峰,MSZ-JXV4025SE-W
ミツビシデンキ,霧ヶ峰,MSZ-JXV2225EE-W
ミツビシデンキ,霧ヶ峰,MSZ-JXV2525EE-W
ミツビシデンキ,霧ヶ峰,MSZ-JXV2825EE-W
ミツビシデンキ,霧ヶ峰,MSZ-JXV2825SEE-W
ミツビシデンキ,霧ヶ峰,MSZ-JXV3625EE-W
ミツビシデンキ,霧ヶ峰,MSZ-JXV3625SEE-W
ミツビシデンキ,霧ヶ峰,MSZ-JXV4025SEE-W
ミツビシデンキ,霧ヶ峰,MSZ-XK2225-W
ミツビシデンキ,霧ヶ峰,MSZ-XK2525-W
ミツビシデンキ,霧ヶ峰,MSZ-XK2825-W
ミツビシデンキ,霧ヶ峰,MSZ-XK3625-W
ミツビシデンキ,霧ヶ峰,MSZ-XK4025S-W
ミツビシデンキ,霧ヶ峰,MSZ-ZY2225-W
ミツビシデンキ,霧ヶ峰,MSZ-ZY2525-W
ミツビシデンキ,霧ヶ峰,MSZ-ZY2825-W
ミツビシデンキ,霧ヶ峰,MSZ-ZY4025S-W
ミツビシデンキ,霧ヶ峰,MSZ-FZ4026S-W
ミツビシデンキ,霧ヶ峰,MSZ-FZ5626S-W
ミツビシデンキ,霧ヶ峰,MSZ-FZV4026S-W
ミツビシデンキ,霧ヶ峰,MSZ-FZV5626S-W
ミツビシデンキ,霧ヶ峰,MSZ-FZV4026SE-W
ミツビシデンキ,霧ヶ峰,MSZ-FZV5626SE-W
ミツビシデンキ,霧ヶ峰,MSZ-ZW2226-W
ミツビシデンキ,霧ヶ峰,MSZ-ZW2526-W
ミツビシデンキ,霧ヶ峰,MSZ-ZW2826-W
ミツビシデンキ,霧ヶ峰,MSZ-ZW2826S-W
ミツビシデンキ,霧ヶ峰,MSZ-ZW3626-W
ミツビシデンキ,霧ヶ峰,MSZ-ZW3626S-W
ミツビシデンキ,霧ヶ峰,MSZ-ZW4026S-W
ミツビシデンキ,霧ヶ峰,MSZ-ZXV2226-W
ミツビシデンキ,霧ヶ峰,MSZ-ZXV2526-W
ミツビシデンキ,霧ヶ峰,MSZ-ZXV2826-W
ミツビシデンキ,霧ヶ峰,MSZ-ZXV2826S-W
ミツビシデンキ,霧ヶ峰,MSZ-ZXV3626-W
ミツビシデンキ,霧ヶ峰,MSZ-ZXV3626S-W
ミツビシデンキ,霧ヶ峰,MSZ-ZXV4026S-W
ミツビシデンキ,霧ヶ峰,MSZ-ZXV2226E-W
ミツビシデンキ,霧ヶ峰,MSZ-ZXV2526E-W
ミツビシデンキ,霧ヶ峰,MSZ-ZXV2826E-W
ミツビシデンキ,霧ヶ峰,MSZ-ZXV2826SE-W
ミツビシデンキ,霧ヶ峰,MSZ-ZXV3626E-W
ミツビシデンキ,霧ヶ峰,MSZ-ZXV3626SE-W
ミツビシデンキ,霧ヶ峰,MSZ-ZXV4026SE-W
ミツビシデンキ,霧ヶ峰,MSZ-EM2226E6-W
ミツビシデンキ,霧ヶ峰,MSZ-EM2526E6-W
ミツビシデンキ,霧ヶ峰,MSZ-EM2826E6-W
ミツビシデンキ,霧ヶ峰,MSZ-EM3626E6-W
ミツビシデンキ,霧ヶ峰,MSZ-EM4026E6S-W
ミツビシデンキ,霧ヶ峰,MSZ-ZD2526-W
ミツビシデンキ,霧ヶ峰,MSZ-ZD2826S-W
ミツビシデンキ,霧ヶ峰,MSZ-HXV2526-W
ミツビシデンキ,霧ヶ峰,MSZ-HXV2826S-W
ミツビシデンキ,霧ヶ峰,MSZ-HXV2526E-W
ミツビシデンキ,霧ヶ峰,MSZ-HXV2826SE-W
ミツビシデンキ,霧ヶ峰,MSZ-XD2226-W
ミツビシデンキ,霧ヶ峰,MSZ-NXV2226-W
ミツビシデンキ,霧ヶ峰,MSZ-NXV2226E-W
ミツビシデンキ,霧ヶ峰,MSZ-ZD2523-W
ミツビシデンキ,霧ヶ峰,MSZ-ZD2823S-W
ミツビシデンキ,霧ヶ峰,MSZ-HXV2523-W
ミツビシデンキ,霧ヶ峰,MSZ-HXV2823S-W
ミツビシデンキ,霧ヶ峰,MSZ-HXV2523E-W
ミツビシデンキ,霧ヶ峰,MSZ-HXV2823SE-W
ミツビシデンキ,霧ヶ峰,MSZ-XD2223-W
ミツビシデンキ,霧ヶ峰,MSZ-NXV2223-W
ミツビシデンキ,霧ヶ峰,MSZ-NXV2223E-W
